NAME,B01003_001E,B11001_001E,B19025_001E,state,place
"Accord CDP, New York",654,279,31718500,36,00155
"Adams village, New York",1730,717,57803900,36,00199
"Adams Center CDP, New York",1002,432,43792600,36,00232
"Addison village, New York",1775,673,45121700,36,00276
"Afton village, New York",1086,444,25566700,36,00342
"Airmont village, New York",10082,2702,378357600,36,00408
"Akron village, New York",2904,1494,95974900,36,00441
"Akwesasne CDP, New York",4140,1475,106843300,36,00457
"Albany city, New York",100081,43745,3511073300,36,01000
"Albertson CDP, New York",4859,1680,300908400,36,01011
"Albion village, New York",5495,2593,141851000,36,01033
"Alden village, New York",2595,1165,102373100,36,01088
"Alexander village, New York",444,174,14903600,36,01154
"Alexandria Bay village, New York",1296,698,49937400,36,01187
"Alfred village, New York",4632,588,39929000,36,01198
"Allegany village, New York",1773,763,73067500,36,01286
"Almond village, New York",390,160,10511600,36,01440
"Altamont village, New York",1767,716,88903200,36,01517
"Altmar CDP, New York",222,115,6954900,36,01550
"Altona CDP, New York",603,119,4583000,36,01572
"Amagansett CDP, New York",651,308,76350000,36,01594
"Amenia CDP, New York",928,409,38062700,36,01682
"Ames village, New York",136,58,6729800,36,01737
"Amityville village, New York",9513,3766,526030000,36,02044
"Amsterdam city, New York",18162,7607,518627200,36,02066
"Andes CDP, New York",128,82,5966200,36,02121
"Andover village, New York",968,364,34655800,36,02143
"Angelica village, New York",610,304,20441900,36,02176
"Angola village, New York",2628,1062,85081200,36,02198
"Angola on the Lake CDP, New York",1699,769,61173000,36,02220
"Antwerp village, New York",745,286,19745400,36,02286
"Apalachin CDP, New York",2076,848,95096400,36,02308
"Aquebogue CDP, New York",1778,605,76926700,36,02374
"Arcade village, New York",1912,1035,76348700,36,02407
"Ardsley village, New York",5005,1627,471516900,36,02506
"Argyle village, New York",498,149,11419100,36,02550
"Arkport village, New York",953,365,29939300,36,02583
"Arlington CDP, New York",2522,1155,147988200,36,02616
"Armonk CDP, New York",4382,1454,513978900,36,02649
"Asharoken village, New York",712,305,75737600,36,02737
"Athens village, New York",1877,754,79508000,36,02902
"Atlantic Beach village, New York",1327,539,128619300,36,02968
"Attica village, New York",1846,916,76255100,36,03001
"Auburn city, New York",26475,11758,765483300,36,03078
"Aurora village, New York",672,121,10540500,36,03188
"Au Sable Forks CDP, New York",559,235,16064100,36,03254
"Averill Park CDP, New York",1604,802,106127000,36,03320
"Avoca village, New York",981,381,26721700,36,03331
"Avon village, New York",3415,1512,133245900,36,03353
"Babylon village, New York",12182,4663,825882700,36,03408
"Bainbridge village, New York",1059,471,33191900,36,04033
"Baiting Hollow CDP, New York",2686,1098,151852200,36,04055
"Baldwin CDP, New York",33595,10785,1811148500,36,04143
"Baldwinsville village, New York",7732,3614,335510700,36,04198
"Ballston Spa village, New York",5080,2146,217056300,36,04253
"Balmville CDP, New York",3725,1315,171698700,36,04286
"Bard College CDP, New York",1237,71,14716500,36,04388
"Bardonia CDP, New York",4022,1584,224014200,36,04396
"Barker village, New York",628,229,16459200,36,04440
"Barneveld CDP, New York",176,58,4937000,36,04528
"Barnum Island CDP, New York",2173,884,115892800,36,04550
"Barrytown CDP, New York",144,57,9620200,36,04605
"Barryville CDP, New York",239,126,13729200,36,04616
"Batavia city, New York",15494,7456,578217900,36,04715
"Bath village, New York",5595,2855,166129000,36,04759
"Baxter Estates village, New York",1342,471,122979600,36,04803
"Bay Park CDP, New York",1780,625,93283400,36,04891
"Bayport CDP, New York",8831,3309,566795200,36,04913
"Bay Shore CDP, New York",31275,9718,1224023900,36,04935
"Bayville village, New York",6744,2580,472147300,36,05034
"Baywood CDP, New York",7577,2009,279901000,36,05039
"Beacon city, New York",14629,6320,770808900,36,05100
"Beaver Dam Lake CDP, New York",3361,1046,135083300,36,05188
"Bedford CDP, New York",2118,756,274737200,36,05309
"Bedford Hills CDP, New York",2283,900,103491700,36,05342
"Belfast CDP, New York",648,258,14131500,36,05562
"Bellerose village, New York",1085,338,77342000,36,05639
"Bellerose Terrace CDP, New York",2180,697,102931700,36,05661
"Belle Terre village, New York",766,276,82989700,36,05672
"Belleville CDP, New York",231,138,9331100,36,05683
"Bellmore CDP, New York",15652,5216,1022059800,36,05738
"Bellport village, New York",1876,902,184757200,36,05771
"Belmont village, New York",903,365,27510000,36,05815
"Bemus Point village, New York",206,112,16360700,36,05848
"Bergen village, New York",1203,455,41597600,36,06046
"Bethpage CDP, New York",17334,5961,992218200,36,06387
"Big Flats CDP, New York",5846,2455,331533500,36,06464
"Billington Heights CDP, New York",1925,829,102499800,36,06574
"Binghamton city, New York",47357,20950,1436581000,36,06607
"Binghamton University CDP, New York",6921,0,-666666666,36,06644
"Black River village, New York",1880,774,71443400,36,06794
"Blasdell village, New York",2534,1207,86232700,36,06849
"Blauvelt CDP, New York",5485,1654,319620300,36,06860
"Bliss CDP, New York",429,197,11550100,36,06904
"Blodgett Mills CDP, New York",193,61,5141400,36,06937
"Bloomfield village, New York",1281,584,54591800,36,06945
"Bloomingburg village, New York",1022,211,9851400,36,06959
"Bloomville CDP, New York",254,83,7470500,36,07025
"Blue Point CDP, New York",4622,2056,307210400,36,07069
"Bohemia CDP, New York",9306,3203,446057200,36,07157
"Bolivar village, New York",1108,461,30090200,36,07190
"Bolton Landing CDP, New York",263,148,22197400,36,07245
"Boonville village, New York",1967,874,58847900,36,07355
"Brasher Falls CDP, New York",564,259,16610300,36,07960
"Breesport CDP, New York",796,295,22961700,36,08004
"Brewerton CDP, New York",4466,1657,179544300,36,08059
"Brewster village, New York",2510,977,88305100,36,08070
"Brewster Heights CDP, New York",1356,410,64129500,36,08081
"Brewster Hill CDP, New York",2211,929,96259400,36,08092
"Briarcliff Manor village, New York",7333,2692,812986800,36,08103
"Bridgehampton CDP, New York",1322,516,188310200,36,08136
"Bridgeport CDP, New York",1320,514,31909700,36,08147
"Bridgeville CDP, New York",72,53,7001000,36,08158
"Bridgewater CDP, New York",507,227,10194900,36,08169
"Brighton CDP, New York",36633,15904,2147812500,36,08257
"Brightwaters village, New York",3185,1033,236839000,36,08323
"Brinckerhoff CDP, New York",2688,1204,137726700,36,08334
"Broadalbin village, New York",1800,698,78808000,36,08422
"Brockport village, New York",7153,2228,171984300,36,08466
"Brocton village, New York",1368,542,31893800,36,08488
"Bronxville village, New York",6539,2216,958028600,36,08532
"Brookhaven CDP, New York",3080,1064,139772300,36,09000
"Brooktondale CDP, New York",487,199,17635100,36,10077
"Brookville village, New York",2944,774,493152100,36,10132
"Brownville village, New York",538,239,21355500,36,10231
"Brushton village, New York",545,215,12919900,36,10286
"Buchanan village, New York",2296,817,126966900,36,10341
"Buffalo city, New York",276397,119548,8319960200,36,11000
"Burdett village, New York",493,183,12637000,36,11132
"Burke village, New York",214,83,6607900,36,11154
"Burlington Flats CDP, New York",151,47,9768700,36,11220
"Busti CDP, New York",213,117,5516200,36,11440
"Byersville CDP, New York",43,29,1983700,36,11550
"Cadyville CDP, New York",509,196,19724900,36,11616
"Cairo CDP, New York",1565,654,62565500,36,11638
"Calcium CDP, New York",3245,1620,113985100,36,11671
"Caledonia village, New York",2193,936,102397100,36,11704
"Callicoon CDP, New York",169,93,10370700,36,11748
"Calverton CDP, New York",5629,2812,230130000,36,11781
"Cambridge village, New York",2341,993,84502100,36,11825
"Camden village, New York",2626,1055,81785400,36,11847
"Camillus village, New York",1333,716,48141100,36,11902
"Campbell CDP, New York",601,236,18346300,36,11935
"Canajoharie village, New York",1808,657,56096000,36,12111
"Canandaigua city, New York",10542,5019,449415500,36,12144
"Canaseraga village, New York",391,156,11086800,36,12177
"Canastota village, New York",4527,1903,145391200,36,12188
"Candor village, New York",878,399,32551600,36,12210
"Canisteo village, New York",1998,801,60488900,36,12254
"Canton village, New York",7222,2219,167247200,36,12331
"Cape Vincent village, New York",531,209,17953600,36,12353
"Captree CDP, New York",271,226,NA,36,12402
"Carle Place CDP, New York",5094,1921,332381800,36,12419
"Carmel CDP, New York",7222,2806,379798200,36,12518
"Caroga Lake CDP, New York",496,243,16300600,36,12584
"Carthage village, New York",3546,1305,89154400,36,12683
"Cassadaga village, New York",515,200,18364300,36,12749
"Castile village, New York",844,386,26268600,36,12771
"Castleton-on-Hudson village, New York",1524,634,56632900,36,12870
"Castorland village, New York",414,154,9892900,36,12881
"Cato village, New York",400,179,12090600,36,12958
"Catskill village, New York",3803,1636,165210900,36,13002
"Cattaraugus village, New York",1153,441,29196900,36,13024
"Cayuga village, New York",513,217,23723500,36,13068
"Cayuga Heights village, New York",4018,1535,285915700,36,13079
"Cazenovia village, New York",2760,742,88570800,36,13145
"Cedarhurst village, New York",7306,2708,371318300,36,13233
"Celoron village, New York",1412,557,35569200,36,13288
"Cementon CDP, New York",305,87,5872600,36,13299
"Centereach CDP, New York",31501,9645,1434327100,36,13376
"Center Moriches CDP, New York",8155,2886,468962400,36,13420
"Centerport CDP, New York",6219,2293,618150500,36,13442
"Central Bridge CDP, New York",485,216,17727200,36,13530
"Central Islip CDP, New York",37751,9713,1208251700,36,13552
"Central Square village, New York",2136,997,99281000,36,13585
"Centre Island village, New York",308,129,60896300,36,13618
"Chadwicks CDP, New York",824,454,38005200,36,13662
"Champlain village, New York",1206,503,39591500,36,13739
"Chappaqua CDP, New York",3040,1202,345176200,36,13805
"Chateaugay village, New York",798,326,32426300,36,13981
"Chatham village, New York",1594,783,69536300,36,14003
"Chaumont village, New York",640,236,23543500,36,14036
"Chautauqua CDP, New York",340,133,20865200,36,14058
"Chazy CDP, New York",409,155,8828400,36,14102
"Cheektowaga CDP, New York",76251,34219,2733637000,36,15000
"Chelsea Cove CDP, New York",1398,421,39199400,36,15060
"Chenango Bridge CDP, New York",3132,1218,121784900,36,15121
"Cherry Creek CDP, New York",325,129,11238000,36,15187
"Cherry Valley village, New York",543,160,15342100,36,15242
"Chester village, New York",4052,1560,185880000,36,15297
"Chestertown CDP, New York",529,213,18588700,36,15363
"Chestnut Ridge village, New York",10464,2738,418448700,36,15400
"Chittenango village, New York",4855,1906,162470600,36,15561
"Churchville village, New York",1982,897,89591400,36,15638
"Clarence CDP, New York",2600,1194,126773800,36,15814
"Clarence Center CDP, New York",2551,966,195159700,36,15836
"Clark Mills CDP, New York",1606,942,86108800,36,15902
"Clarkson CDP, New York",5002,2029,191831500,36,15946
"Claverack-Red Mills CDP, New York",1033,474,65996400,36,16050
"Clayton village, New York",1669,843,75464800,36,16089
"Clayville village, New York",267,111,11135100,36,16111
"Cleveland village, New York",769,283,32031600,36,16188
"Clifton Gardens CDP, New York",2332,964,129787000,36,16298
"Clifton Knolls-Mill Creek CDP, New York",3601,1158,212740000,36,16322
"Clifton Springs village, New York",2124,838,72412200,36,16375
"Clinton village, New York",1967,861,106370400,36,16419
"Clintondale CDP, New York",1682,829,74006100,36,16452
"Clyde village, New York",1986,862,55912700,36,16573
"Cobleskill village, New York",4495,1599,125928900,36,16628
"Cohocton village, New York",997,396,28135000,36,16727
"Cohoes city, New York",18043,7872,585180100,36,16749
"Cold Brook village, New York",191,88,7799900,36,16815
"Cold Spring village, New York",1868,835,125451400,36,16936
"Cold Spring Harbor CDP, New York",3123,994,284557000,36,16958
"Colonie village, New York",7705,3161,353863500,36,17332
"Colton CDP, New York",248,136,9609500,36,17398
"Commack CDP, New York",36353,11578,2371669300,36,17530
"Conesus CDP, New York",94,51,3824500,36,17607
"Conesus Lake CDP, New York",2343,1078,124525600,36,17622
"Congers CDP, New York",7923,2672,509829100,36,17739
"Constableville village, New York",356,140,10231700,36,17882
"Constantia CDP, New York",1405,452,44881700,36,17893
"Coopers Plains CDP, New York",522,116,15624700,36,18036
"Cooperstown village, New York",2113,918,121117600,36,18047
"Copake CDP, New York",178,71,6949300,36,18091
"Copake Falls CDP, New York",6,3,NA,36,18113
"Copake Lake CDP, New York",860,384,55197900,36,18124
"Copenhagen village, New York",652,268,20025300,36,18135
"Copiague CDP, New York",23332,7006,984792600,36,18146
"Coram CDP, New York",41527,15464,1990846300,36,18157
"Corfu village, New York",718,326,26331400,36,18201
"Corinth village, New York",2568,1037,88555300,36,18212
"Corning city, New York",10666,5286,451468100,36,18256
"Cornwall-on-Hudson village, New York",3046,1230,206312600,36,18333
"Cortland city, New York",17465,6992,475496800,36,18388
"Cortland West CDP, New York",1185,404,52030700,36,18443
"Country Knolls CDP, New York",5587,2101,314843800,36,18542
"Cove Neck village, New York",255,103,43935000,36,18597
"Coxsackie village, New York",2746,1120,115521200,36,18718
"Cragsmoor CDP, New York",542,203,17311900,36,18762
"Cranberry Lake CDP, New York",193,97,9433100,36,18817
"Crest View Heights CDP, New York",1873,720,116194200,36,18993
"Croghan village, New York",642,286,17538000,36,19070
"Crompond CDP, New York",2144,747,149112200,36,19092
"Croton-on-Hudson village, New York",8205,2943,675800800,36,19213
"Crown Heights CDP, New York",3071,1080,146517600,36,19229
"Crugers CDP, New York",1386,698,68240000,36,19290
"Crystal Beach CDP, New York",648,380,25745400,36,19308
"Cuba village, New York",1755,624,44324900,36,19356
"Cumberland Head CDP, New York",1622,662,97458900,36,19408
"Cumminsville CDP, New York",98,51,3608700,36,19411
"Cutchogue CDP, New York",2903,1188,237502700,36,19466
"Cuylerville CDP, New York",281,106,11448300,36,19510
"Dalton CDP, New York",348,215,15757900,36,19587
"Danby CDP, New York",440,258,26532700,36,19609
"Dannemora village, New York",2831,324,26983300,36,19642
"Dansville village, New York",4731,2206,193522000,36,19664
"Davenport Center CDP, New York",489,198,13817500,36,19774
"Deer Park CDP, New York",27334,8863,1441710500,36,19972
"Deferiet village, New York",237,98,7363800,36,19994
"DeKalb Junction CDP, New York",512,171,12173700,36,20049
"Delanson village, New York",379,126,15534600,36,20082
"Delevan village, New York",1283,549,38135300,36,20115
"Delhi village, New York",3185,819,65848300,36,20126
"Depauville CDP, New York",430,136,9534500,36,20302
"Depew village, New York",15065,6647,600364000,36,20313
"Deposit village, New York",1345,620,40289500,36,20346
"Dering Harbor village, New York",0,0,-666666666,36,20379
"DeRuyter village, New York",380,157,10623100,36,20390
"De Witt CDP, New York",10815,4038,639287600,36,20467
"Dexter village, New York",828,333,22798000,36,20500
"Dix Hills CDP, New York",25042,7786,2106743700,36,20687
"Dobbs Ferry village, New York",11397,3853,806645900,36,20698
"Dolgeville village, New York",1948,848,60632400,36,20731
"Dover Plains CDP, New York",1077,407,33992500,36,20841
"Downsville CDP, New York",254,130,7632100,36,20852
"Dresden village, New York",318,92,7308000,36,20896
"Dryden village, New York",1783,929,68131100,36,20951
"Duane Lake CDP, New York",279,119,18702900,36,20989
"Duanesburg CDP, New York",145,82,8355400,36,20995
"Dundee village, New York",2003,696,39170000,36,21050
"Dunkirk city, New York",12597,5777,345673200,36,21105
"Durhamville CDP, New York",750,266,30713800,36,21226
"Eagle Bay CDP, New York",97,50,NA,36,21380
"Earlville village, New York",758,298,22812700,36,21523
"East Atlantic Beach CDP, New York",1892,796,156474700,36,21578
"East Aurora village, New York",5997,2419,308670500,36,21589
"East Avon CDP, New York",741,230,20932900,36,21600
"Eastchester CDP, New York",20519,7890,1655459000,36,21809
"East Durham CDP, New York",547,203,15692000,36,21919
"East Farmingdale CDP, New York",5866,1945,280296300,36,21985
"East Frankfort CDP, New York",480,292,20452500,36,22029
"East Glenville CDP, New York",11399,4912,547624600,36,22084
"East Greenbush CDP, New York",6562,2784,403660600,36,22106
"East Hampton village, New York",1277,656,173295500,36,22183
"East Hampton North CDP, New York",5751,2058,317305400,36,22200
"East Herkimer CDP, New York",711,332,28914600,36,22238
"East Hills village, New York",7249,2252,895885600,36,22260
"East Islip CDP, New York",13687,4679,821882000,36,22315
"East Ithaca CDP, New York",2372,1219,157993500,36,22326
"East Kingston CDP, New York",219,107,8490600,36,22370
"East Marion CDP, New York",1741,751,126486400,36,22447
"East Massapequa CDP, New York",20142,6966,1291680100,36,22480
"East Meadow CDP, New York",35806,11727,1837901300,36,22502
"East Moriches CDP, New York",5794,2095,349328900,36,22546
"East Nassau village, New York",492,242,18400500,36,22557
"East Northport CDP, New York",19672,7292,1260634700,36,22612
"East Norwich CDP, New York",2703,921,260126600,36,22623
"East Patchogue CDP, New York",21364,8151,1065656700,36,22733
"Eastport CDP, New York",2259,769,134913600,36,22810
"East Quogue CDP, New York",5871,2399,373040300,36,22832
"East Randolph CDP, New York",633,251,17085800,36,22843
"East Rochester village, New York",6263,2956,219343700,36,22865
"East Rockaway village, New York",10064,3810,636439700,36,22876
"East Setauket CDP, New York",10385,3708,727610700,36,22964
"East Shoreham CDP, New York",7279,2110,377600100,36,22980
"East Syracuse village, New York",3039,1402,96847100,36,23052
"East Williston village, New York",2627,806,217411800,36,23217
"East Worcester CDP, New York",265,94,7513600,36,23283
"Eatons Neck CDP, New York",1158,432,118572100,36,23316
"Eden CDP, New York",3164,1259,120944500,36,23404
"Edmeston CDP, New York",592,218,15426100,36,23602
"Edwards CDP, New York",564,191,14979800,36,23635
"Eggertsville CDP, New York",15416,6558,808475000,36,23701
"Elba village, New York",464,209,17181900,36,23745
"Elbridge village, New York",1308,553,42063400,36,23789
"Eldred CDP, New York",201,105,9412200,36,23811
"Elizabethtown CDP, New York",662,312,23354900,36,23822
"Ellenville village, New York",4210,1608,131820400,36,23965
"Ellicottville village, New York",342,152,16424600,36,24020
"Ellisburg village, New York",229,69,6202100,36,24075
"Elma Center CDP, New York",3091,1191,251637700,36,24141
"Elmira city, New York",26349,10577,617136900,36,24229
"Elmira Heights village, New York",4254,1822,156764600,36,24251
"Elmont CDP, New York",36436,9964,1447462800,36,24273
"Elmsford village, New York",5183,1653,242637400,36,24295
"Elwood CDP, New York",11140,3824,753569000,36,24405
"Endicott village, New York",13456,6290,379825400,36,24515
"Endwell CDP, New York",11821,5142,476147300,36,24526
"Erin CDP, New York",529,190,10879600,36,24625
"Esperance village, New York",238,118,9173300,36,24713
"Evans Mills village, New York",632,255,16109000,36,24823
"Fabius village, New York",368,161,15048000,36,24867
"Fair Haven village, New York",956,435,35389300,36,24988
"Fairmount CDP, New York",9998,4171,408921500,36,25043
"Fairport village, New York",5436,2515,298612300,36,25076
"Fairview CDP (Dutchess County), New York",6454,2269,229422900,36,25109
"Fairview CDP (Westchester County), New York",3522,1190,137917300,36,25120
"Falconer village, New York",2103,929,55367800,36,25164
"Fallsburg CDP, New York",1891,84,3665200,36,25230
"Farmingdale village, New York",8450,3529,587603100,36,25384
"Farmingville CDP, New York",16605,4905,766148600,36,25417
"Farnham village, New York",398,149,13581400,36,25428
"Fayetteville village, New York",4220,1922,249780200,36,25527
"Felts Mills CDP, New York",265,192,21730100,36,25571
"Fillmore CDP, New York",540,198,14917900,36,25747
"Fire Island CDP, New York",445,137,19925700,36,25839
"Firthcliffe CDP, New York",5268,2154,243870900,36,25857
"Fishers Island CDP, New York",53,17,1451800,36,25923
"Fishers Landing CDP, New York",69,43,3005800,36,25934
"Fishkill village, New York",2193,1164,120872300,36,25967
"Flanders CDP, New York",6388,2142,202195300,36,26121
"Fleischmanns village, New York",205,101,8620200,36,26209
"Floral Park village, New York",16025,5505,1074301500,36,26264
"Florida village, New York",2915,936,120755100,36,26319
"Flower Hill village, New York",4793,1595,579929500,36,26352
"Fly Creek CDP, New York",205,162,8342000,36,26418
"Fonda village, New York",562,259,21773700,36,26462
"Forest Home CDP, New York",1164,392,42712800,36,26561
"Forestville CDP, New York",625,275,15322100,36,26649
"Fort Ann village, New York",473,188,16811300,36,26704
"Fort Covington CDP, New York",1053,414,27676400,36,26726
"Fort Drum CDP, New York",16124,5070,376379700,36,26759
"Fort Edward village, New York",3160,1187,100426600,36,26770
"Fort Johnson village, New York",397,168,14528200,36,26880
"Fort Montgomery CDP, New York",2198,932,109097500,36,26902
"Fort Plain village, New York",2274,892,55747000,36,26924
"Fort Salonga CDP, New York",10203,3477,776599600,36,26946
"Fowlerville CDP, New York",278,89,7958600,36,27133
"Frankfort village, New York",2384,1063,89986700,36,27188
"Franklin village, New York",413,184,20209200,36,27221
"Franklin Square CDP, New York",30559,9736,1549778300,36,27309
"Franklinville village, New York",2063,707,56720500,36,27331
"Fredonia village, New York",9601,3855,284198000,36,27419
"Freedom Plains CDP, New York",648,275,17642300,36,27452
"Freeport village, New York",44102,13967,1973491100,36,27485
"Freeville village, New York",437,213,19340400,36,27529
"Frewsburg CDP, New York",2083,698,48927600,36,27672
"Friendship CDP, New York",783,321,18547900,36,27694
"Fulton city, New York",11339,4782,323328200,36,27815
"Fultonville village, New York",696,273,25085900,36,27859
"Gainesville village, New York",209,98,9206400,36,27969
"Galeville CDP, New York",4200,2073,145134600,36,28035
"Galway village, New York",187,79,5473700,36,28101
"Gananda CDP, New York",6501,2656,323905400,36,28138
"Gang Mills CDP, New York",4369,1780,234277500,36,28145
"Garden City village, New York",22866,7646,2239661200,36,28178
"Garden City Park CDP, New York",8176,2501,422255100,36,28189
"Garden City South CDP, New York",4077,1326,220828400,36,28200
"Gardiner CDP, New York",616,186,25311000,36,28244
"Gardnertown CDP, New York",4154,1451,168423700,36,28310
"Garrattsville CDP, New York",144,67,3858300,36,28376
"Gasport CDP, New York",1419,571,51740100,36,28431
"Gates CDP, New York",4576,1997,150819800,36,28453
"Geneseo village, New York",7700,2022,150750000,36,28618
"Geneva city, New York",12573,4878,423000800,36,28640
"Germantown CDP, New York",1107,599,64009500,36,28761
"Ghent CDP, New York",478,182,18243300,36,28860
"Gilbertsville village, New York",337,146,14016200,36,28959
"Gilgo CDP, New York",65,28,NA,36,28990
"Glasco CDP, New York",2275,1095,102100600,36,29014
"Glen Aubrey CDP, New York",216,95,8143500,36,29058
"Glen Cove city, New York",28101,10603,1312540700,36,29113
"Glen Head CDP, New York",4575,1626,336859800,36,29245
"Glen Park village, New York",639,220,14146700,36,29322
"Glens Falls city, New York",14678,6808,574701000,36,29333
"Glens Falls North CDP, New York",9148,4380,514806600,36,29338
"Glenwood Landing CDP, New York",3776,1567,256612000,36,29421
"Gloversville city, New York",15010,6485,394784600,36,29443
"Golden's Bridge CDP, New York",1549,578,188721100,36,29476
"Gordon Heights CDP, New York",4095,1170,131458800,36,29509
"Gorham CDP, New York",345,173,14879200,36,29520
"Goshen village, New York",5751,2350,325957300,36,29542
"Gouverneur village, New York",3623,1647,82442400,36,29597
"Gowanda village, New York",2929,1135,71438400,36,29630
"Grahamsville CDP, New York",328,147,16021400,36,29707
"Grand View-on-Hudson village, New York",247,121,25817200,36,29872
"Grandyle Village CDP, New York",5000,2165,213007200,36,29894
"Granville village, New York",2270,1007,59780100,36,30026
"Great Bend CDP, New York",942,286,19968200,36,30136
"Great Neck village, New York",11068,3335,635654500,36,30169
"Great Neck Estates village, New York",2968,881,321056400,36,30191
"Great Neck Gardens CDP, New York",1245,431,67322200,36,30202
"Great Neck Plaza village, New York",7503,3919,548530600,36,30213
"Great River CDP, New York",1880,853,134758500,36,30235
"Greece CDP, New York",14053,6391,552644300,36,30279
"Greene village, New York",1556,755,54321300,36,30411
"Green Island village, New York",2966,1485,128014200,36,30521
"Greenlawn CDP, New York",14986,4704,906118500,36,30543
"Greenport village, New York",2574,1014,134735200,36,30576
"Greenport West CDP, New York",2170,1029,154731800,36,30581
"Greenvale CDP, New York",1095,369,62087300,36,30598
"Greenville CDP (Greene County), New York",692,263,19636700,36,30609
"Greenville CDP (Westchester County), New York",9586,3915,1164685700,36,30642
"Greenwich village, New York",1606,763,65741800,36,30675
"Greenwood Lake village, New York",3022,1181,119144200,36,30752
"Greigsville CDP, New York",117,58,3690900,36,30807
"Groton village, New York",1974,998,71836000,36,30961
"Groveland Station CDP, New York",343,117,8493500,36,31022
"Guilford CDP, New York",377,155,11825300,36,31137
"Hadley CDP, New York",1151,435,38066100,36,31258
"Hagaman village, New York",1131,552,41770600,36,31291
"Hailesboro CDP, New York",608,319,19910800,36,31346
"Haines Falls CDP, New York",401,160,19319100,36,31357
"Halesite CDP, New York",2348,991,219919200,36,31445
"Hall CDP, New York",258,122,7888100,36,31533
"Hamburg village, New York",9762,3953,473202100,36,31643
"Hamilton village, New York",4038,722,73369100,36,31709
"Hamilton College CDP, New York",1992,7,NA,36,31746
"Hamlin CDP, New York",5041,2027,169445600,36,31786
"Hammond village, New York",317,138,10311500,36,31830
"Hammondsport village, New York",564,297,24489200,36,31852
"Hampton Bays CDP, New York",17138,6441,1098712400,36,31896
"Hampton Manor CDP, New York",5448,2213,246623200,36,31918
"Hancock village, New York",876,403,22326900,36,31940
"Hankins CDP, New York",205,76,5706400,36,31973
"Hannawa Falls CDP, New York",847,386,36725400,36,32006
"Hannibal village, New York",670,234,21261500,36,32017
"Harbor Hills CDP, New York",520,171,47667100,36,32094
"Harbor Isle CDP, New York",1401,460,78360800,36,32105
"Harriman village, New York",2843,1051,113794400,36,32325
"Harris Hill CDP, New York",5853,2597,279076100,36,32391
"Harrison village, New York",29279,8789,2274035100,36,32402
"Hartsdale CDP, New York",3254,1360,310176000,36,32523
"Hartwick CDP, New York",352,166,13008100,36,32578
"Hartwick Seminary CDP, New York",322,91,5104300,36,32597
"Hastings-on-Hudson village, New York",8449,3077,817402600,36,32710
"Hauppauge CDP, New York",20772,6979,1256110500,36,32732
"Haverstraw village, New York",12273,3910,368917900,36,32754
"Haviland CDP, New York",3694,1406,170396900,36,32776
"Hawthorne CDP, New York",4881,1698,311005500,36,32842
"Head of the Harbor village, New York",1378,459,142716800,36,32963
"Hemlock CDP, New York",736,251,24064300,36,33128
"Hempstead village, New York",58569,17304,1940556700,36,33139
"Henderson CDP, New York",240,96,13297100,36,34044
"Heritage Hills CDP, New York",3967,2460,290182500,36,34118
"Herkimer village, New York",7335,3216,225979000,36,34121
"Hermon CDP, New York",603,161,14975200,36,34165
"Herricks CDP, New York",4077,1290,235406100,36,34198
"Herrings CDP, New York",0,0,-666666666,36,34220
"Heuvelton village, New York",654,274,22530300,36,34264
"Hewlett CDP, New York",7599,2432,419422100,36,34286
"Hewlett Bay Park village, New York",380,107,66007100,36,34297
"Hewlett Harbor village, New York",1111,359,134181700,36,34308
"Hewlett Neck village, New York",549,137,52825600,36,34319
"Hicksville CDP, New York",43868,13440,2327078000,36,34374
"High Falls CDP, New York",624,251,22094000,36,34451
"Highland CDP, New York",6321,2553,332773300,36,34484
"Highland Falls village, New York",3696,1648,178414700,36,34495
"Highland-on-the-Lake CDP, New York",3701,1510,139005500,36,34528
"Hillburn village, New York",1170,383,38469300,36,34660
"Hillcrest CDP, New York",8989,2057,312431300,36,34693
"Hillside CDP, New York",889,339,53104800,36,34786
"Hillside Lake CDP, New York",1073,412,53760900,36,34803
"Hilton village, New York",5990,2148,185703100,36,34847
"Hobart village, New York",410,173,12744000,36,34979
"Holbrook CDP, New York",26256,8944,1394401800,36,35056
"Holland CDP, New York",1146,555,35256200,36,35111
"Holland Patent village, New York",307,138,12861400,36,35144
"Holley village, New York",1994,801,64116200,36,35155
"Holtsville CDP, New York",19250,6368,946479200,36,35254
"Homer village, New York",3110,1439,130161300,36,35276
"Honeoye CDP, New York",660,345,25287400,36,35353
"Honeoye Falls village, New York",2778,1258,121539200,36,35364
"Hoosick Falls village, New York",3189,1305,91977500,36,35474
"Hopewell Junction CDP, New York",1113,413,55293000,36,35573
"Hornell city, New York",8173,3708,229530000,36,35672
"Horseheads village, New York",6494,3218,225884000,36,35694
"Horseheads North CDP, New York",2600,1055,99931000,36,35710
"Hortonville CDP, New York",284,136,11893700,36,35738
"Houghton CDP, New York",1685,279,26889100,36,35771
"Hudson city, New York",5900,2729,292392800,36,35969
"Hudson Falls village, New York",7401,3370,232193100,36,35980
"Hunt CDP, New York",120,43,1685700,36,36156
"Hunter village, New York",182,96,8071700,36,36167
"Huntington CDP, New York",20117,8101,1694754800,36,36233
"Huntington Bay village, New York",1853,731,308245400,36,37022
"Huntington Station CDP, New York",33283,11056,1700561900,36,37044
"Hurley CDP, New York",3420,1509,190072900,36,37132
"Hurleyville CDP, New York",1249,524,36019400,36,37154
"Hyde Park CDP, New York",2100,940,116715200,36,37198
"Ilion village, New York",7636,3389,232395100,36,37275
"Interlaken village, New York",556,271,17465300,36,37528
"Inwood CDP, New York",11964,3044,345015900,36,37583
"Irondequoit CDP, New York",50438,22368,2204400800,36,37737
"Irvington village, New York",6541,2357,681364000,36,37803
"Islandia village, New York",3581,1241,170965100,36,37840
"Island Park village, New York",4958,1789,239593700,36,37847
"Islip CDP, New York",17224,6091,830450800,36,37869
"Islip Terrace CDP, New York",5223,1736,276220600,36,38022
"Ithaca city, New York",31792,13842,1091853800,36,38077
"Jacksonville CDP, New York",539,250,19095600,36,38209
"Jamesport CDP, New York",1538,757,131048000,36,38253
"Jamestown city, New York",28401,12531,739556300,36,38264
"Jamestown West CDP, New York",2398,1092,83578700,36,38275
"Jefferson CDP, New York",150,63,5799100,36,38429
"Jefferson Heights CDP, New York",1193,343,30158000,36,38451
"Jefferson Valley-Yorktown CDP, New York",14195,5093,905908200,36,38500
"Jeffersonville village, New York",417,169,15492700,36,38506
"Jericho CDP, New York",14117,4279,1030022700,36,38539
"Johnson City village, New York",15130,6796,482806400,36,38748
"Johnstown city, New York",8153,4006,289135700,36,38781
"Jordan village, New York",1374,573,45770200,36,38825
"Kaser village, New York",5568,1167,48996800,36,38934
"Katonah CDP, New York",2016,663,136688800,36,38946
"Kauneonga Lake CDP, New York",507,117,16072800,36,38985
"Keeseville CDP, New York",2572,1141,95238900,36,39089
"Kenmore village, New York",15097,7123,656231100,36,39232
"Kennedy CDP, New York",234,137,7420700,36,39243
"Kensington village, New York",1462,467,148363400,36,39309
"Kerhonkson CDP, New York",1773,685,49582800,36,39397
"Keuka Park CDP, New York",1103,154,17581500,36,39463
"Kiamesha Lake CDP, New York",348,176,12475700,36,39485
"Kinderhook village, New York",1201,587,71343600,36,39562
"Kings Park CDP, New York",16249,6401,964572000,36,39672
"Kings Point village, New York",5614,1394,388663200,36,39694
"Kingston city, New York",23942,9951,911001700,36,39727
"Kiryas Joel village, New York",36572,6869,466567200,36,39853
"Kysorville CDP, New York",80,30,2167700,36,40175
"Lackawanna city, New York",19779,8481,513212700,36,40189
"Lacona village, New York",761,284,20280500,36,40200
"La Fargeville CDP, New York",637,205,9381200,36,40233
"Lake Carmel CDP, New York",8090,2907,375996500,36,40398
"Lake Delta CDP, New York",3005,1261,175833500,36,40475
"Lake Erie Beach CDP, New York",3247,1559,112780700,36,40486
"Lake George village, New York",928,490,34673000,36,40508
"Lake Grove village, New York",11050,3760,559497700,36,40530
"Lake Huntington CDP, New York",303,161,14506100,36,40552
"Lake Katrine CDP, New York",2284,910,70563500,36,40585
"Lakeland CDP, New York",2344,1106,97571100,36,40607
"Lake Luzerne CDP, New York",1171,649,53600300,36,40651
"Lake Mohegan CDP, New York",5566,2142,390749700,36,40689
"Lake Placid village, New York",2159,1259,106252300,36,40761
"Lake Ronkonkoma CDP, New York",18289,6595,846178400,36,40838
"Lake Success village, New York",2817,750,264202000,36,40937
"Lakeview CDP, New York",5794,1509,225291800,36,41003
"Lakeville CDP, New York",511,185,15231800,36,41036
"Lakewood village, New York",2975,1260,135365500,36,41069
"Lancaster village, New York",10127,5075,413177500,36,41135
"Lansing village, New York",3837,1761,200042700,36,41223
"Larchmont village, New York",6542,2552,786506100,36,41333
"Latham CDP, New York",14327,5774,708647100,36,41399
"Lattingtown village, New York",1948,701,304840400,36,41432
"Laurel CDP, New York",1340,518,69511200,36,41465
"Laurel Hollow village, New York",1880,584,269478800,36,41487
"Laurens village, New York",155,73,5131100,36,41520
"Lawrence village, New York",6771,1998,625979700,36,41553
"Leeds CDP, New York",199,75,4518200,36,41784
"Leicester village, New York",593,210,22324300,36,41872
"Le Roy village, New York",4310,2125,158044600,36,42026
"Levittown CDP, New York",51557,16992,2579351000,36,42081
"Lewiston village, New York",2527,1358,136297500,36,42147
"Liberty village, New York",5083,1741,125141900,36,42224
"Lido Beach CDP, New York",2634,1173,233935300,36,42279
"Lima village, New York",2188,769,72162700,36,42323
"Lime Lake CDP, New York",726,323,20236500,36,42345
"Limestone CDP, New York",383,183,9198200,36,42378
"Lincolndale CDP, New York",1235,439,92943100,36,42455
"Lincoln Park CDP, New York",2406,1078,121689600,36,42488
"Lindenhurst village, New York",27106,8479,1273523500,36,42554
"Linwood CDP, New York",29,15,NA,36,42609
"Lisle village, New York",258,105,8394500,36,42642
"Little Falls city, New York",4567,1855,127861400,36,42741
"Little Valley village, New York",1096,454,27237600,36,42829
"Liverpool village, New York",2604,1207,128830300,36,42884
"Livingston Manor CDP, New York",689,372,17783000,36,42928
"Livonia village, New York",1480,653,50912000,36,42950
"Livonia Center CDP, New York",326,138,10075500,36,42972
"Lloyd Harbor village, New York",3570,1165,423138100,36,43005
"Loch Sheldrake CDP, New York",1428,232,9310300,36,43038
"Lockport city, New York",20699,9180,699267100,36,43082
"Locust Valley CDP, New York",3591,1241,327028600,36,43192
"Lodi village, New York",302,124,8325200,36,43214
"Long Beach city, New York",34741,14790,2278044200,36,43335
"Long Lake CDP, New York",648,267,34158100,36,43401
"Lorenz Park CDP, New York",1947,802,78762600,36,43511
"Lorraine CDP, New York",91,33,2875600,36,43533
"Loudonville CDP, New York",10274,3952,744165700,36,43566
"Lowville village, New York",3432,1522,122683600,36,43720
"Lynbrook village, New York",20251,6899,1177004700,36,43874
"Lyncourt CDP, New York",4138,1762,123131600,36,43885
"Lyndonville village, New York",742,308,23418000,36,43918
"Lyon Mountain CDP, New York",240,108,3882600,36,43951
"Lyons CDP, New York",3536,1428,99991900,36,43962
"Lyons Falls village, New York",478,202,13213000,36,44006
"MacDonnell Heights CDP, New York",1438,471,66902800,36,44105
"Macedon CDP, New York",1885,787,63844200,36,44149
"McGraw village, New York",1071,409,28049500,36,44193
"Machias CDP, New York",675,271,15953400,36,44226
"McLean CDP, New York",363,118,8447400,36,44358
"Madison village, New York",392,150,8783600,36,44424
"Madrid CDP, New York",753,248,21799600,36,44479
"Mahopac CDP, New York",9171,3403,477930400,36,44534
"Malden-on-Hudson CDP, New York",256,114,5191700,36,44677
"Malone village, New York",5466,2670,179979000,36,44710
"Malverne village, New York",8496,3040,569936500,36,44787
"Malverne Park Oaks CDP, New York",517,241,36615200,36,44792
"Mamaroneck village, New York",19840,7117,1310605600,36,44831
"Manchester village, New York",1655,710,53646600,36,44853
"Manhasset CDP, New York",7730,2598,649309300,36,44897
"Manhasset Hills CDP, New York",3789,1161,245927600,36,44908
"Manlius village, New York",4657,2074,197818100,36,45018
"Mannsville village, New York",448,158,13273100,36,45073
"Manorhaven village, New York",6934,2597,354909200,36,45106
"Manorville CDP, New York",12737,4889,765134000,36,45139
"Marathon village, New York",1011,380,28357700,36,45392
"Marcellus village, New York",1957,994,82187700,36,45480
"Marcy CDP, New York",489,244,25903600,36,45524
"Margaretville village, New York",651,299,17231300,36,45557
"Mariaville Lake CDP, New York",1011,465,50425500,36,45573
"Marion CDP, New York",1312,650,49966800,36,45634
"Marist College CDP, New York",2300,0,-666666666,36,45659
"Marlboro CDP, New York",3959,1543,261698100,36,45700
"Massapequa CDP, New York",21822,7242,1509690300,36,45986
"Massapequa Park village, New York",16985,5828,1079205800,36,45997
"Massena village, New York",10234,4867,334184600,36,46019
"Mastic CDP, New York",15031,4321,581024000,36,46074
"Mastic Beach CDP, New York",16382,5110,602146100,36,46085
"Matinecock village, New York",787,249,96351600,36,46107
"Mattituck CDP, New York",4204,1833,301642700,36,46140
"Mattydale CDP, New York",5978,2474,189483900,36,46151
"Maybrook village, New York",3147,1401,133528600,36,46162
"Mayfield village, New York",1009,383,34547000,36,46206
"Mayville village, New York",1272,560,41497700,36,46239
"Mechanicstown CDP, New York",7479,3275,303644600,36,46349
"Mechanicville city, New York",5143,2662,182118600,36,46360
"Medford CDP, New York",25681,8074,1141445600,36,46404
"Medina village, New York",5799,2541,180816200,36,46415
"Melrose Park CDP, New York",1951,885,121167000,36,46503
"Melville CDP, New York",19187,7323,1681336900,36,46514
"Menands village, New York",4503,2118,194788100,36,46536
"Meridian village, New York",167,80,7182100,36,46646
"Merrick CDP, New York",21816,7251,1523676500,36,46668
"Merritt Park CDP, New York",1723,666,107739800,36,46750
"Mexico village, New York",2050,869,74512900,36,46811
"Middleburgh village, New York",1231,680,47864800,36,46866
"Middle Island CDP, New York",11086,4486,479666900,36,46976
"Middleport village, New York",1931,751,56369700,36,46998
"Middletown city, New York",30227,10182,963813400,36,47042
"Middleville village, New York",626,188,14829400,36,47108
"Milford village, New York",467,192,15576400,36,47229
"Millbrook village, New York",1316,730,81438300,36,47273
"Miller Place CDP, New York",11743,3962,656917300,36,47306
"Millerton village, New York",801,297,29298000,36,47361
"Mill Neck village, New York",1245,418,170363700,36,47405
"Millport village, New York",340,144,8192600,36,47427
"Millwood CDP, New York",854,331,69262100,36,47482
"Milton CDP (Saratoga County), New York",4353,1956,222461200,36,47548
"Milton CDP (Ulster County), New York",1692,802,116759700,36,47554
"Mineola village, New York",21082,8618,1388179700,36,47636
"Minetto CDP, New York",1433,573,57825600,36,47680
"Mineville CDP, New York",1495,569,39953300,36,47702
"Minoa village, New York",3657,1408,149706800,36,47757
"Mohawk village, New York",2522,1082,92336200,36,47823
"Mongaup Valley CDP, New York",269,81,8368700,36,47977
"Monroe village, New York",9466,2886,379618100,36,47988
"Monsey CDP, New York",27787,5082,419617800,36,48010
"Montauk CDP, New York",4073,1618,347625900,36,48054
"Montebello village, New York",4649,1542,323642600,36,48090
"Montgomery village, New York",3800,1535,173123200,36,48142
"Monticello village, New York",7252,2840,181451700,36,48175
"Montour Falls village, New York",1666,653,38192600,36,48197
"Montrose CDP, New York",3702,1147,172871800,36,48208
"Mooers CDP, New York",423,121,10070000,36,48241
"Moravia village, New York",1365,491,40763600,36,48296
"Moriches CDP, New York",2407,1222,105404300,36,48450
"Morris village, New York",546,230,29852800,36,48483
"Morrisonville CDP, New York",1688,758,68326100,36,48538
"Morrisville village, New York",1530,247,16328200,36,48593
"Mountain Dale CDP, New York",289,191,13192600,36,48736
"Mountain Lodge Park CDP, New York",1957,801,64772700,36,48750
"Mount Ivy CDP, New York",7913,3111,343272100,36,48879
"Mount Kisco village, New York",10782,4103,542379700,36,48890
"Mount Morris village, New York",3258,1355,96333400,36,48945
"Mount Sinai CDP, New York",11876,3923,746910400,36,49066
"Mount Vernon city, New York",72528,29041,2977414900,36,49121
"Mount Vision CDP, New York",135,83,7856000,36,49143
"Munnsville village, New York",402,155,12347000,36,49220
"Munsey Park village, New York",2794,824,375582000,36,49231
"Munsons Corners CDP, New York",2506,932,64829900,36,49242
"Muttontown village, New York",3496,1107,438007700,36,49330
"Myers Corner CDP, New York",10786,3991,535377900,36,49363
"Nanuet CDP, New York",20089,7169,1143757200,36,49407
"Napanoch CDP, New York",837,347,31191300,36,49418
"Napeague CDP, New York",197,69,5897700,36,49424
"Naples village, New York",971,452,27509200,36,49429
"Narrowsburg CDP, New York",480,233,25598000,36,49473
"Nassau village, New York",1138,461,45180300,36,49506
"Nassau Lake CDP, New York",841,405,34235800,36,49555
"Natural Bridge CDP, New York",76,47,2070100,36,49605
"Nazareth College CDP, New York",1259,0,-666666666,36,49715
"Nedrow CDP, New York",2086,872,80205500,36,49726
"Nelliston village, New York",732,405,20341800,36,49748
"Nelsonville village, New York",714,250,40379300,36,49781
"Nesconset CDP, New York",13344,4638,816222400,36,49825
"Newark village, New York",9040,3869,253070800,36,49891
"Newark Valley village, New York",1149,416,32354600,36,49902
"New Baltimore CDP, New York",208,133,11150800,36,49924
"New Berlin village, New York",947,383,25198600,36,49946
"Newburgh city, New York",28649,10335,767490200,36,50034
"New Cassel CDP, New York",14414,3362,569631200,36,50067
"New City CDP, New York",34133,10603,2086902700,36,50100
"Newfane CDP, New York",3470,1404,113176200,36,50221
"Newfield CDP, New York",1112,407,37759200,36,50243
"New Hackensack CDP, New York",1077,393,52980400,36,50265
"New Hamburg CDP, New York",728,352,59540500,36,50276
"New Hartford village, New York",2054,967,97062500,36,50298
"New Hempstead village, New York",5431,1446,224745200,36,50353
"New Hyde Park village, New York",10208,3535,638896700,36,50397
"New Paltz village, New York",8028,2348,176889900,36,50551
"Newport village, New York",481,208,19904700,36,50573
"New Rochelle city, New York",81591,30883,5149952800,36,50617
"New Square village, New York",9712,1802,105209200,36,50705
"New Suffolk CDP, New York",293,142,19773800,36,50727
"New Windsor CDP, New York",8427,3574,376723200,36,50837
"New York city, New York",8516202,3313316,423752861700,36,51000
"New York Mills village, New York",2989,1630,109893100,36,51011
"Niagara Falls city, New York",48198,22627,1435735200,36,51055
"Niagara University CDP, New York",1341,0,-666666666,36,51088
"Nichols village, New York",612,229,19137300,36,51110
"Niskayuna CDP, New York",20774,8201,1246718800,36,51262
"Nissequogue village, New York",1634,572,151473100,36,51286
"Niverville CDP, New York",1248,519,98695200,36,51297
"Norfolk CDP, New York",1021,462,30658900,36,51319
"North Amityville CDP, New York",20364,5492,819409200,36,51396
"Northampton CDP, New York",1098,307,31724700,36,51418
"North Babylon CDP, New York",18208,5858,815517400,36,51440
"North Ballston Spa CDP, New York",1207,575,58932100,36,51467
"North Bay CDP, New York",150,81,5140400,36,51484
"North Bay Shore CDP, New York",20501,4519,638552900,36,51495
"North Bellmore CDP, New York",20776,6574,1450081300,36,51517
"North Bellport CDP, New York",10999,3129,374653300,36,51528
"North Blenheim CDP, New York",91,30,3855400,36,51561
"North Boston CDP, New York",2590,1385,104072100,36,51583
"North Collins village, New York",1198,540,37256300,36,51792
"North Creek CDP, New York",457,217,15468600,36,51847
"Northeast Ithaca CDP, New York",2575,1150,141477600,36,51915
"North Gates CDP, New York",10014,4405,369079500,36,52040
"North Granville CDP, New York",530,179,16285200,36,52067
"North Great River CDP, New York",3638,1259,205967300,36,52078
"North Haven village, New York",953,422,159127900,36,52188
"North Hills village, New York",5419,2337,715218600,36,53022
"North Hornell village, New York",1055,444,46071500,36,53055
"North Lindenhurst CDP, New York",11153,3684,520749800,36,53198
"North Lynbrook CDP, New York",699,222,23892900,36,53231
"North Massapequa CDP, New York",18037,6299,1078883000,36,53253
"North Merrick CDP, New York",12544,4106,761645100,36,53264
"North New Hyde Park CDP, New York",14354,4689,960739200,36,53275
"North Patchogue CDP, New York",7243,2326,331653900,36,53319
"Northport village, New York",7320,3050,602168400,36,53396
"North Rose CDP, New York",550,261,19119900,36,53462
"North Sea CDP, New York",6517,2277,614544800,36,53561
"North Syracuse village, New York",6727,2925,237389000,36,53660
"North Tonawanda city, New York",30338,13934,1144739400,36,53682
"North Valley Stream CDP, New York",17756,5340,902360400,36,53748
"Northville village, New York",1035,474,37269700,36,53770
"Northville CDP, New York",1771,634,112200600,36,53775
"North Wantagh CDP, New York",11716,4173,750076100,36,53792
"Northwest Harbor CDP, New York",4966,2197,512778500,36,53852
"Northwest Ithaca CDP, New York",1813,895,74814800,36,53853
"Norwich city, New York",6880,2963,223314400,36,53979
"Norwood village, New York",1304,596,43033100,36,54012
"Noyack CDP, New York",4601,2040,362721200,36,54056
"Nunda village, New York",1291,604,38564800,36,54078
"Nyack village, New York",7469,3314,536687700,36,54100
"Oak Beach CDP, New York",106,47,NA,36,54111
"Oakdale CDP, New York",7171,2713,457073100,36,54144
"Oakfield village, New York",1683,624,47234900,36,54155
"Ocean Beach village, New York",36,21,2331600,36,54430
"Oceanside CDP, New York",31907,10887,1955481400,36,54441
"Odessa village, New York",540,226,19171100,36,54452
"Ogdensburg city, New York",9600,4074,297272800,36,54485
"Olcott CDP, New York",821,403,44163700,36,54540
"Old Bethpage CDP, New York",6179,2169,448193000,36,54551
"Old Brookville village, New York",2008,639,230322100,36,54562
"Old Field village, New York",1033,372,168583500,36,54617
"Old Forge CDP, New York",359,180,16635800,36,54639
"Old Westbury village, New York",4320,1053,464784200,36,54705
"Olean city, New York",13798,6215,405058700,36,54716
"Oneida city, New York",10240,4519,382512400,36,54837
"Oneida Castle village, New York",700,307,28484600,36,54848
"Oneonta city, New York",14467,4798,364623600,36,54881
"Ontario CDP, New York",2176,987,71305600,36,55002
"Orangeburg CDP, New York",4279,1388,189731700,36,55167
"Orange Lake CDP, New York",9588,3686,419155600,36,55189
"Orchard Park village, New York",3066,1495,183997800,36,55266
"Orient CDP, New York",1152,656,103642200,36,55321
"Oriskany village, New York",1233,537,44050400,36,55365
"Oriskany Falls village, New York",616,271,28575200,36,55376
"Ossining village, New York",26979,9889,1376928400,36,55530
"Oswego city, New York",17028,7256,523044900,36,55574
"Otego village, New York",965,421,38055400,36,55618
"Otisville village, New York",1210,439,48914300,36,55673
"Otter Lake CDP, New York",109,66,8227500,36,55750
"Ovid village, New York",436,217,16079300,36,55816
"Owego village, New York",3823,1668,161633100,36,55882
"Oxbow CDP, New York",109,53,3888700,36,55937
"Oxford village, New York",1426,575,45703100,36,55948
"Oyster Bay CDP, New York",6900,2775,340709100,36,55992
"Oyster Bay Cove village, New York",2067,702,318390000,36,56011
"Painted Post village, New York",1691,839,89191600,36,56088
"Palatine Bridge village, New York",682,343,32008300,36,56110
"Palenville CDP, New York",990,509,45051500,36,56132
"Palmyra village, New York",3306,1551,138704900,36,56187
"Pamelia Center CDP, New York",781,220,20097900,36,56212
"Panama village, New York",476,206,13600000,36,56231
"Parc CDP, New York",126,45,718600,36,56291
"Parish village, New York",584,220,20568700,36,56341
"Parishville CDP, New York",750,289,21470000,36,56363
"Patchogue village, New York",12368,5380,716219100,36,56660
"Paul Smiths CDP, New York",594,0,-666666666,36,56770
"Pavilion CDP, New York",702,296,28115200,36,56781
"Pawling village, New York",2006,888,101443900,36,56814
"Peach Lake CDP, New York",988,438,59840200,36,56869
"Pearl River CDP, New York",16282,5798,1055312300,36,56902
"Peconic CDP, New York",771,282,32274000,36,56968
"Peekskill city, New York",25484,10806,1246619600,36,56979
"Pelham village, New York",7247,2205,572789000,36,57001
"Pelham Manor village, New York",5648,1985,743392500,36,57023
"Penn Yan village, New York",4800,2059,148809200,36,57177
"Perry village, New York",3515,1412,112156800,36,57243
"Perrysburg CDP, New York",428,114,6952700,36,57287
"Peru CDP, New York",1880,715,63531600,36,57364
"Phelps village, New York",2164,881,69310200,36,57518
"Philadelphia village, New York",803,327,21037900,36,57551
"Philmont village, New York",1575,570,57437200,36,57639
"Phoenicia CDP, New York",244,142,6819300,36,57650
"Phoenix village, New York",2393,1028,72163900,36,57661
"Piermont village, New York",2434,1150,189536200,36,57749
"Pierrepont Manor CDP, New York",355,119,9213300,36,57782
"Piffard CDP, New York",270,134,6838500,36,57804
"Pike CDP, New York",242,108,7701600,36,57815
"Pine Bush CDP, New York",1720,698,72105200,36,57980
"Pine Hill CDP, New York",339,168,18976600,36,58057
"Pine Plains CDP, New York",1203,457,47602600,36,58145
"Pine Valley CDP, New York",674,333,13742400,36,58189
"Pittsford village, New York",1702,688,114590300,36,58354
"Plainedge CDP, New York",8930,2829,489611800,36,58409
"Plainview CDP, New York",26251,8767,1892618500,36,58442
"Plandome village, New York",1458,445,257872100,36,58475
"Plandome Heights village, New York",936,309,126628100,36,58486
"Plandome Manor village, New York",713,217,94024500,36,58497
"Plattekill CDP, New York",1304,482,44466100,36,58541
"Plattsburgh city, New York",19878,8973,648710900,36,58574
"Plattsburgh West CDP, New York",1306,615,43171200,36,58601
"Pleasant Valley CDP, New York",1814,831,81248700,36,58684
"Pleasantville village, New York",7395,2571,633263900,36,58728
"Plessis CDP, New York",173,88,10833000,36,58739
"Poestenkill CDP, New York",828,340,42097100,36,58794
"Point Lookout CDP, New York",996,509,86428800,36,58849
"Poland village, New York",467,159,14800500,36,58937
"Pomona village, New York",3961,1012,239748100,36,58992
"Poquott village, New York",1047,402,129388300,36,59157
"Port Byron village, New York",994,400,23982700,36,59212
"Port Chester village, New York",31162,10437,1400136200,36,59223
"Port Dickinson village, New York",1920,757,57529300,36,59245
"Port Ewen CDP, New York",3402,1451,187798700,36,59311
"Port Gibson CDP, New York",652,309,23037700,36,59322
"Port Henry CDP, New York",1403,750,42018200,36,59333
"Port Jefferson village, New York",8029,3194,595160200,36,59355
"Port Jefferson Station CDP, New York",7605,2642,369245600,36,59377
"Port Jervis city, New York",8709,3533,226814800,36,59388
"Portlandville CDP, New York",113,58,3778000,36,59443
"Port Leyden village, New York",680,280,14025200,36,59454
"Portville village, New York",915,403,32344500,36,59498
"Port Washington CDP, New York",17613,5947,1485761500,36,59520
"Port Washington North village, New York",3159,1499,325236000,36,59531
"Potsdam village, New York",8507,2482,146082700,36,59564
"Pottersville CDP, New York",145,66,3391800,36,59619
"Poughkeepsie city, New York",31778,13442,1313324500,36,59641
"Prattsburgh CDP, New York",612,227,16133500,36,59708
"Prattsville CDP, New York",131,88,4344900,36,59740
"Preston-Potter Hollow CDP, New York",426,213,22466000,36,59831
"Prospect CDP, New York",337,122,8129100,36,59883
"Pulaski village, New York",2202,971,99717200,36,59960
"Pultneyville CDP, New York",702,248,29233500,36,59993
"Putnam Lake CDP, New York",3673,1399,158773700,36,60103
"Quiogue CDP, New York",853,313,59257400,36,60408
"Quogue village, New York",602,253,38901200,36,60422
"Radisson CDP, New York",6901,2881,348127300,36,60455
"Randolph CDP, New York",896,391,30555800,36,60576
"Ransomville CDP, New York",1590,533,52337300,36,60598
"Rapids CDP, New York",1562,609,77133900,36,60609
"Ravena village, New York",3256,1357,129905000,36,60675
"Red Creek village, New York",673,221,25587600,36,60829
"Redford CDP, New York",243,81,8634300,36,60884
"Red Hook village, New York",2119,972,115426800,36,60895
"Red Oaks Mill CDP, New York",3235,1279,183377300,36,60983
"Redwood CDP, New York",342,117,12747700,36,61016
"Remsen village, New York",380,187,11560800,36,61115
"Remsenburg-Speonk CDP, New York",1559,672,176275000,36,61142
"Rensselaer city, New York",9247,4425,339488900,36,61148
"Rensselaer Falls village, New York",350,130,10850100,36,61159
"Retsof CDP, New York",161,64,7830000,36,61236
"Rhinebeck village, New York",2674,1439,156433800,36,61346
"Rhinecliff CDP, New York",479,225,23420900,36,61368
"Richburg village, New York",623,186,13488500,36,61434
"Richfield Springs village, New York",1096,365,28370300,36,61489
"Richmondville village, New York",1001,413,24257200,36,61588
"Richville village, New York",278,123,8418500,36,61621
"Ridge CDP, New York",12506,5632,681045200,36,61665
"Rifton CDP, New York",462,387,25403700,36,61797
"Ripley CDP, New York",937,365,23474500,36,61874
"Riverhead CDP, New York",15073,5060,536325400,36,61973
"Riverside village, New York",591,234,18159300,36,62061
"Riverside CDP, New York",3538,901,80362900,36,62066
"Rochester city, New York",209720,92228,6185268200,36,63000
"Rochester Institute of Technology CDP, New York",6339,414,14280700,36,63014
"Rock Hill CDP, New York",2530,930,191450700,36,63132
"Rockville Centre village, New York",25770,10010,2027315800,36,63264
"Rocky Point CDP, New York",13931,5108,733110600,36,63319
"Rodman CDP, New York",175,54,4593300,36,63330
"Roessleville CDP, New York",11327,4958,504810800,36,63363
"Rome city, New York",31795,13859,996256400,36,63418
"Romulus CDP, New York",320,116,6247300,36,63429
"Ronkonkoma CDP, New York",18368,6053,844251900,36,63473
"Roosevelt CDP, New York",19636,4454,662027600,36,63506
"Roscoe CDP, New York",558,228,23886800,36,63583
"Rosendale CDP, New York",898,484,35702000,36,63725
"Roslyn village, New York",2955,1369,219311900,36,63770
"Roslyn Estates village, New York",1536,468,210867500,36,63792
"Roslyn Harbor village, New York",1032,312,94294600,36,63803
"Roslyn Heights CDP, New York",6881,2145,539386900,36,63814
"Rotterdam CDP, New York",22798,9998,926002300,36,63924
"Round Lake village, New York",956,424,49222100,36,63957
"Round Top CDP, New York",693,248,31145200,36,63968
"Rouses Point village, New York",2520,1240,81626700,36,63979
"Ruby CDP, New York",1147,429,54670100,36,64056
"Rushford CDP, New York",396,116,6312100,36,64155
"Rushville village, New York",600,248,16491100,36,64199
"Russell Gardens village, New York",1130,356,91666600,36,64232
"Rye city, New York",16410,5758,2425611000,36,64309
"Rye Brook village, New York",9884,3527,1069880600,36,64325
"Sackets Harbor village, New York",1348,678,60134300,36,64408
"Saddle Rock village, New York",1225,322,84316900,36,64430
"Saddle Rock Estates CDP, New York",351,101,18343000,36,64441
"Sagaponack village, New York",282,151,61026400,36,64452
"Sag Harbor village, New York",2449,1063,253311700,36,64485
"St. Bonaventure CDP, New York",1961,263,17471500,36,64551
"St. James CDP, New York",13680,4962,868272700,36,64584
"St. John Fisher College CDP, New York",1301,0,-666666666,36,64606
"St. Johnsville village, New York",1882,642,40413600,36,64639
"St. Regis Falls CDP, New York",274,138,9863900,36,64716
"Salamanca city, New York",5878,2405,141442800,36,64749
"Salem CDP, New York",914,407,37345100,36,64771
"Salisbury CDP, New York",13388,4398,896201600,36,64842
"Salisbury Center CDP, New York",238,96,7090500,36,64848
"Salisbury Mills CDP, New York",279,93,14511800,36,64859
"Saltaire village, New York",26,9,NA,36,64881
"Salt Point CDP, New York",259,77,10504400,36,64892
"Sanborn CDP, New York",1466,535,56906800,36,64958
"Sand Ridge CDP, New York",1100,453,27349800,36,65024
"Sands Point village, New York",2725,837,413528100,36,65035
"Sandy Creek village, New York",586,294,22047300,36,65068
"Saranac Lake village, New York",5099,2506,193078700,36,65233
"Saratoga Springs city, New York",28542,13077,1778306600,36,65255
"Saugerties village, New York",3877,1897,123768200,36,65288
"Saugerties South CDP, New York",2253,969,90764800,36,65310
"Savannah CDP, New York",436,200,12068800,36,65332
"Savona village, New York",724,303,20369800,36,65354
"Sayville CDP, New York",15593,5680,991537200,36,65409
"Scarsdale village, New York",18005,5476,3292131500,36,65431
"Schaghticoke village, New York",591,250,19804400,36,65475
"Schenectady city, New York",68521,28769,2144459800,36,65508
"Schenevus CDP, New York",505,185,16854500,36,65519
"Schoharie village, New York",1078,439,33070900,36,65585
"Schroon Lake CDP, New York",898,401,29743000,36,65640
"Schuyler Lake CDP, New York",88,52,2579600,36,65739
"Schuylerville village, New York",1706,687,58790200,36,65750
"Scio CDP, New York",641,332,19073300,36,65761
"Scotchtown CDP, New York",10544,4089,445998100,36,65882
"Scotia village, New York",7260,3268,295673700,36,65893
"Scottsburg CDP, New York",106,41,4284300,36,65926
"Scotts Corners CDP, New York",610,230,79872700,36,65948
"Scottsville village, New York",2425,1039,96293500,36,65959
"Sea Cliff village, New York",5037,1759,485933000,36,66047
"Seaford CDP, New York",15884,5195,969573500,36,66058
"Searingtown CDP, New York",4786,1606,434964400,36,66102
"Selden CDP, New York",21707,6907,861867800,36,66212
"Seneca Falls CDP, New York",6967,3379,253630700,36,66322
"Seneca Knolls CDP, New York",2308,1029,67511200,36,66366
"Setauket CDP, New York",3687,1378,328302300,36,66465
"Sharon Springs village, New York",635,239,17848300,36,66663
"Shelter Island CDP, New York",2281,802,127506000,36,66828
"Shelter Island Heights CDP, New York",998,579,78873500,36,66850
"Shenorock CDP, New York",1643,624,105526200,36,66872
"Sherburne village, New York",1294,606,35192100,36,66883
"Sherman village, New York",639,252,18484700,36,66949
"Sherrill city, New York",3041,1375,130416500,36,66993
"Shinnecock Hills CDP, New York",1944,858,195555000,36,67048
"Shirley CDP, New York",27807,8498,1335756200,36,67070
"Shokan CDP, New York",1220,501,64998800,36,67081
"Shoreham village, New York",502,167,29244000,36,67191
"Shorehaven CDP, New York",540,215,34540900,36,67207
"Shortsville village, New York",1806,694,78812500,36,67257
"Shrub Oak CDP, New York",2770,1019,173013200,36,67279
"Sidney village, New York",3865,1566,95052800,36,67334
"Siena College CDP, New York",2349,0,-666666666,36,67367
"Silver Creek village, New York",2619,1053,80894900,36,67411
"Silver Springs village, New York",569,294,18288900,36,67466
"Sinclairville village, New York",613,276,14171200,36,67488
"Skaneateles village, New York",2533,1196,234192600,36,67510
"Slaterville Springs CDP, New York",179,108,6821200,36,67631
"Sleepy Hollow village, New York",10592,3967,624056600,36,67638
"Sleepy Hollow Lake CDP, New York",1566,538,57233400,36,67640
"Sloan village, New York",3757,1564,119312000,36,67686
"Sloatsburg village, New York",3029,1102,150882100,36,67708
"Smallwood CDP, New York",657,330,27993000,36,67730
"Smithtown CDP, New York",24940,8244,1528633700,36,67851
"Smithville Flats CDP, New York",330,177,13340800,36,68088
"Smyrna village, New York",163,75,3300700,36,68099
"Sodus village, New York",1999,981,62875900,36,68209
"Sodus Point village, New York",1101,550,56933200,36,68242
"Solvay village, New York",6590,3015,235448100,36,68286
"Sound Beach CDP, New York",7207,2701,361830300,36,68374
"Southampton village, New York",4557,1730,610768200,36,68462
"South Blooming Grove village, New York",3880,1173,102166600,36,68610
"South Cairo CDP, New York",601,229,16425200,36,68737
"South Corning village, New York",1010,493,43868300,36,68847
"South Dayton village, New York",519,220,12534300,36,68891
"South Edmeston CDP, New York",153,44,3355000,36,68946
"South Fallsburg CDP, New York",1850,630,48668200,36,68968
"South Farmingdale CDP, New York",14953,4685,862631700,36,69001
"South Floral Park village, New York",1803,568,80649000,36,69023
"South Glens Falls village, New York",3739,1599,148157100,36,69078
"South Hempstead CDP, New York",3350,1144,232597800,36,69188
"South Hill CDP, New York",6805,1210,150422200,36,69199
"South Huntington CDP, New York",10150,3497,613745100,36,69254
"South Ilion CDP, New York",198,62,7785300,36,69265
"South Lansing CDP, New York",1233,404,61104200,36,69342
"South Lima CDP, New York",219,86,12528100,36,69364
"South Lockport CDP, New York",8660,3859,315986500,36,69386
"Southold CDP, New York",6600,2676,498185300,36,69452
"Southport CDP, New York",6435,3077,247311200,36,69606
"South Valley Stream CDP, New York",6177,1918,331061800,36,69892
"Spackenkill CDP, New York",4244,1641,288006400,36,70035
"Sparkill CDP, New York",1376,437,97583300,36,70068
"Sparrow Bush CDP, New York",1178,552,51437700,36,70090
"Speculator village, New York",389,149,12366200,36,70123
"Spencer village, New York",848,340,22195300,36,70167
"Spencerport village, New York",3660,1568,160426200,36,70189
"Springfield Center CDP, New York",297,90,6164800,36,70321
"Springs CDP, New York",9489,3580,641983100,36,70387
"Spring Valley village, New York",32995,9035,724716300,36,70420
"Springville village, New York",4196,1743,174730900,36,70442
"Springwater CDP, New York",418,204,11836700,36,70464
"Staatsburg CDP, New York",366,203,20003200,36,70552
"Stamford village, New York",1101,490,30595000,36,70618
"Stannards CDP, New York",606,241,22442200,36,70717
"Star Lake CDP, New York",640,266,20847600,36,70849
"Stewart Manor village, New York",1963,723,125414400,36,71267
"Stillwater village, New York",1876,821,81661000,36,71322
"Stittville CDP, New York",260,90,14328900,36,71377
"Stone Ridge CDP, New York",1970,759,106050500,36,71597
"Stony Brook CDP, New York",12827,4539,917404800,36,71608
"Stony Brook University CDP, New York",9138,0,-666666666,36,71620
"Stony Point CDP, New York",12694,4398,607753100,36,71663
"Stottville CDP, New York",1247,630,41111800,36,71718
"Strykersville CDP, New York",744,286,23807800,36,71817
"Suffern village, New York",11395,4551,546092500,36,71894
"Sunset Bay CDP, New York",392,95,6200700,36,72246
"SUNY Oswego CDP, New York",3565,53,NA,36,72327
"Swan Lake CDP, New York",211,104,8688200,36,72400
"Sylvan Beach village, New York",889,497,38149200,36,72521
"Syosset CDP, New York",18274,6027,1395287300,36,72554
"Syracuse city, New York",146211,59286,3875178900,36,73000
"Taconic Shores CDP, New York",629,343,66236500,36,73057
"Tannersville village, New York",708,169,15569300,36,73143
"Tappan CDP, New York",6704,2274,442443200,36,73154
"Tarrytown village, New York",11752,5364,900753900,36,73176
"Terryville CDP, New York",10962,3736,483252200,36,73352
"Thendara CDP, New York",84,45,2214700,36,73495
"Theresa village, New York",1019,354,25325200,36,73517
"Thiells CDP, New York",4539,1549,250238600,36,73583
"Thomaston village, New York",2734,1046,232958600,36,73605
"Thornwood CDP, New York",4405,1481,307268400,36,73715
"Thousand Island Park CDP, New York",216,80,23061800,36,73726
"Three Mile Bay CDP, New York",40,19,747000,36,73737
"Ticonderoga CDP, New York",3375,1403,104616300,36,73880
"Tillson CDP, New York",1799,697,63059500,36,73902
"Tioga Terrace CDP, New York",2206,856,126530400,36,73990
"Titusville CDP, New York",658,334,46067200,36,74017
"Tivoli village, New York",892,414,26531100,36,74023
"Tonawanda city, New York",15044,6896,524373900,36,74166
"Tonawanda Town CDP, New York",56973,26761,2469319200,36,75021
"Town Line CDP, New York",2001,837,87621100,36,75121
"Tribes Hill CDP, New York",1004,355,34263700,36,75341
"Troy city, New York",51054,21323,1737054600,36,75484
"Trumansburg village, New York",1552,806,77355200,36,75506
"Tuckahoe CDP, New York",1078,587,89707500,36,75572
"Tuckahoe village, New York",6990,2959,465973700,36,75583
"Tully village, New York",990,383,39558700,36,75627
"Tupper Lake village, New York",3072,1517,106238700,36,75671
"Turin village, New York",312,142,13490800,36,75682
"Tuscarora CDP, New York",81,35,4006200,36,75726
"Tuxedo village, New York",3083,1151,190120400,36,75779
"Tuxedo Park village, New York",682,388,245806100,36,75803
"Unadilla village, New York",1140,451,27604600,36,76001
"Unadilla Forks CDP, New York",178,88,7321400,36,76023
"Uniondale CDP, New York",33637,8727,1213842500,36,76089
"Union Springs village, New York",1274,485,51639300,36,76155
"Unionville village, New York",684,222,33602900,36,76210
"University at Buffalo CDP, New York",6776,309,21151200,36,76280
"University Gardens CDP, New York",3986,1501,212881000,36,76287
"Upper Brookville village, New York",2064,665,234061600,36,76331
"Upper Nyack village, New York",2072,750,161190800,36,76386
"Upper Red Hook CDP, New York",285,88,10889100,36,76397
"Utica city, New York",64440,25004,1689377800,36,76540
"Vails Gate CDP, New York",3065,1447,120649400,36,76584
"Valatie village, New York",1579,617,70191800,36,76617
"Valhalla CDP, New York",2978,1078,169107000,36,76639
"Valley Cottage CDP, New York",8803,3259,576475700,36,76661
"Valley Falls village, New York",430,186,20905000,36,76672
"Valley Stream village, New York",40278,12248,1850527300,36,76705
"Van Etten CDP, New York",539,221,14252400,36,76881
"Varna CDP, New York",657,337,34894900,36,76969
"Vassar College CDP, New York",3276,349,50051500,36,76985
"Vernon village, New York",1313,570,42381900,36,77112
"Verona CDP, New York",1274,585,59582300,36,77167
"Verplanck CDP, New York",657,389,53419400,36,77211
"Victor village, New York",2707,1084,121029500,36,77376
"Victory village, New York",731,271,23312300,36,77431
"Village Green CDP, New York",3518,1757,122867900,36,77513
"Village of the Branch village, New York",1813,523,97152300,36,77519
"Viola CDP, New York",7470,2239,251622300,36,77574
"Virgil CDP, New York",190,91,7165300,36,77585
"Voorheesville village, New York",2828,1092,143704500,36,77684
"Waddington village, New York",1003,424,37182800,36,77728
"Wading River CDP, New York",8393,3193,494690800,36,77772
"Wadsworth CDP, New York",167,53,2010700,36,77783
"Wainscott CDP, New York",587,291,88496600,36,77805
"Walden village, New York",6871,2621,265930200,36,77849
"Walker Valley CDP, New York",1695,528,61499600,36,77948
"Wallkill CDP, New York",1980,945,89971900,36,78003
"Walton village, New York",2655,1362,90420500,36,78036
"Walton Park CDP, New York",3592,1261,233133000,36,78063
"Walworth CDP, New York",908,369,41384100,36,78091
"Wampsville village, New York",562,214,16807900,36,78113
"Wanakah CDP, New York",3071,1385,140617300,36,78124
"Wantagh CDP, New York",17964,5818,1109688100,36,78146
"Wappingers Falls village, New York",5694,2518,191404000,36,78168
"Warrensburg CDP, New York",3285,1596,120934400,36,78289
"Warsaw village, New York",3061,1456,106903100,36,78333
"Warwick village, New York",6625,2998,312838000,36,78355
"Washington Heights CDP, New York",3189,912,107278800,36,78421
"Washington Mills CDP, New York",2148,1006,122413200,36,78454
"Washingtonville village, New York",5723,2106,258981400,36,78465
"Wassaic CDP, New York",324,87,8052000,36,78476
"Waterford village, New York",2053,1053,78879000,36,78520
"Waterloo village, New York",4600,2012,151339500,36,78553
"Water Mill CDP, New York",2218,1080,295435200,36,78575
"Watertown city, New York",24574,11494,805995100,36,78608
"Waterville village, New York",1682,719,61037700,36,78663
"Watervliet city, New York",10285,5265,357415300,36,78674
"Watkins Glen village, New York",1712,924,63975000,36,78696
"Waverly village, New York",4337,1928,160029700,36,78806
"Wayland village, New York",1817,640,54173600,36,78850
"Webster village, New York",5734,3028,237220200,36,78960
"Websters Crossing CDP, New York",103,48,3529800,36,78982
"Weedsport village, New York",1858,860,69902200,36,79015
"Wells CDP, New York",597,191,17824100,36,79048
"Wells Bridge CDP, New York",275,81,6966200,36,79070
"Wellsburg village, New York",471,197,14997300,36,79081
"Wellsville village, New York",4846,2179,135950900,36,79092
"Wesley Hills village, New York",6150,1584,463192800,36,79174
"West Babylon CDP, New York",43239,13826,2090080100,36,79246
"West Bay Shore CDP, New York",4199,1633,252787600,36,79301
"Westbury village, New York",15789,5303,952388300,36,79444
"West Carthage village, New York",1918,992,88213300,36,79499
"West Chazy CDP, New York",572,216,27559900,36,79543
"West Danby CDP, New York",246,106,3942400,36,79697
"West Elmira CDP, New York",4691,2014,249321200,36,79785
"West End CDP, New York",1744,690,68766000,36,79796
"Westernville CDP, New York",193,77,7215900,36,79895
"Westfield village, New York",2937,1421,73224400,36,79939
"Westford CDP, New York",79,53,2476100,36,79961
"West Glens Falls CDP, New York",9967,3750,425527300,36,80082
"Westhampton CDP, New York",3702,1252,225124400,36,80170
"Westhampton Beach village, New York",2476,1025,247368200,36,80181
"West Hampton Dunes village, New York",101,41,17790200,36,80186
"West Haverstraw village, New York",10663,3184,348808000,36,80203
"West Hempstead CDP, New York",20762,6053,1069161000,36,80225
"West Hills CDP, New York",5138,1918,450043300,36,80258
"West Hurley CDP, New York",1733,847,89804900,36,80291
"West Islip CDP, New York",26559,8510,1702916900,36,80302
"West Kill CDP, New York",73,45,3366200,36,80324
"Westmere CDP, New York",7616,3416,441349700,36,80423
"Westmoreland CDP, New York",73,54,4466500,36,80522
"West Nyack CDP, New York",3437,1293,236263200,36,80599
"Weston Mills CDP, New York",1361,634,69600300,36,80632
"West Point CDP, New York",6549,1118,174772800,36,80747
"Westport CDP, New York",250,178,9659200,36,80764
"West Sand Lake CDP, New York",3453,1125,152454400,36,80863
"West Sayville CDP, New York",4944,1769,315124200,36,80885
"West Seneca CDP, New York",45329,20255,1898894900,36,80907
"Westvale CDP, New York",5293,1983,264828300,36,81127
"West Valley CDP, New York",526,218,14830100,36,81138
"West Winfield village, New York",806,337,26911400,36,81292
"Wheatley Heights CDP, New York",5266,1499,206254800,36,81419
"Whitehall village, New York",2693,967,54204900,36,81622
"White Lake CDP (Oneida County), New York",66,37,2752800,36,81644
"White Lake CDP (Sullivan County), New York",96,70,7668100,36,81655
"White Plains city, New York",59818,24364,4002341200,36,81677
"Whitesboro village, New York",3643,1681,116912800,36,81710
"Whitney Point village, New York",1070,383,25842100,36,81831
"Williamson CDP, New York",2667,1064,77000100,36,82029
"Williamsville village, New York",5430,2690,313661800,36,82084
"Williston Park village, New York",7508,2481,456482700,36,82117
"Willsboro CDP, New York",648,276,14542700,36,82260
"Willsboro Point CDP, New York",640,304,35576000,36,82282
"Wilmington CDP, New York",979,397,44916400,36,82304
"Wilson village, New York",1385,627,48585800,36,82359
"Windham CDP, New York",212,105,24008400,36,82469
"Windsor village, New York",1121,431,33118000,36,82524
"Wingdale CDP, New York",1309,534,41915200,36,82579
"Winthrop CDP, New York",332,188,17349000,36,82612
"Witherbee CDP, New York",190,59,2880500,36,82656
"Wolcott village, New York",1446,686,39169200,36,82678
"Woodbourne CDP, New York",644,228,34877200,36,82733
"Woodbury CDP, New York",9270,3138,811825000,36,82744
"Woodbury village, New York",11437,3563,563556200,36,82750
"Woodmere CDP, New York",18198,4994,1083723900,36,82942
"Woodridge village, New York",954,289,19136600,36,82953
"Woodsburgh village, New York",900,306,143861000,36,82986
"Woodstock CDP, New York",2562,1371,135872400,36,83041
"Woodsville CDP, New York",66,32,1488400,36,83063
"Worcester CDP, New York",1017,312,27305600,36,83118
"Wurtsboro village, New York",1181,510,49644200,36,83272
"Wurtsboro Hills CDP, New York",519,310,22922200,36,83283
"Wynantskill CDP, New York",3675,1576,181663300,36,83349
"Wyoming village, New York",427,169,19924300,36,83371
"Yaphank CDP, New York",6140,2766,335429000,36,83426
"Yonkers city, New York",209529,80550,8933550100,36,84000
"York CDP, New York",427,180,14933600,36,84011
"Yorkshire CDP, New York",1042,560,20325800,36,84044
"Yorktown Heights CDP, New York",2038,688,109765000,36,84088
"Yorkville village, New York",2638,1203,92508800,36,84099
"Youngstown village, New York",1773,748,75671200,36,84143
"Zena CDP, New York",972,435,60488100,36,84187
