level,geo,NAME,B25046_001E
place,00155,"Accord CDP, New York",501
place,00199,"Adams village, New York",1129
place,00232,"Adams Center CDP, New York",NA
place,00276,"Addison village, New York",1112
place,00342,"Afton village, New York",717
place,00408,"Airmont village, New York",5097
place,00441,"Akron village, New York",2086
place,00457,"Akwesasne CDP, New York",3006
place,01000,"Albany city, New York",52776
place,01011,"Albertson CDP, New York",3097
place,01033,"Albion village, New York",3738
place,01088,"Alden village, New York",1944
place,01154,"Alexander village, New York",297
place,01187,"Alexandria Bay village, New York",944
place,01198,"Alfred village, New York",826
place,01286,"Allegany village, New York",1252
place,01440,"Almond village, New York",282
place,01517,"Altamont village, New York",1235
place,01550,"Altmar CDP, New York",168
place,01572,"Altona CDP, New York",205
place,01594,"Amagansett CDP, New York",736
place,01682,"Amenia CDP, New York",622
place,01737,"Ames village, New York",120
place,02044,"Amityville village, New York",6707
place,02066,"Amsterdam city, New York",10421
place,02121,"Andes CDP, New York",115
place,02143,"Andover village, New York",675
place,02176,"Angelica village, New York",541
place,02198,"Angola village, New York",1699
place,02220,"Angola on the Lake CDP, New York",1198
place,02286,"Antwerp village, New York",485
place,02308,"Apalachin CDP, New York",1622
place,02374,"Aquebogue CDP, New York",NA
place,02407,"Arcade village, New York",1699
place,02506,"Ardsley village, New York",3313
place,02550,"Argyle village, New York",252
place,02583,"Arkport village, New York",659
place,02616,"Arlington CDP, New York",1649
place,02649,"Armonk CDP, New York",3300
place,02737,"Asharoken village, New York",693
place,02902,"Athens village, New York",1233
place,02968,"Atlantic Beach village, New York",969
place,03001,"Attica village, New York",1509
place,03078,"Auburn city, New York",15684
place,03188,"Aurora village, New York",207
place,03254,"Au Sable Forks CDP, New York",470
place,03320,"Averill Park CDP, New York",1733
place,03331,"Avoca village, New York",619
place,03353,"Avon village, New York",2465
place,03408,"Babylon village, New York",9233
place,04033,"Bainbridge village, New York",734
place,04055,"Baiting Hollow CDP, New York",2175
place,04143,"Baldwin CDP, New York",20790
place,04198,"Baldwinsville village, New York",5565
place,04253,"Ballston Spa village, New York",3740
place,04286,"Balmville CDP, New York",2384
place,04388,"Bard College CDP, New York",NA
place,04396,"Bardonia CDP, New York",3086
place,04440,"Barker village, New York",357
place,04528,"Barneveld CDP, New York",66
place,04550,"Barnum Island CDP, New York",1362
place,04605,"Barrytown CDP, New York",NA
place,04616,"Barryville CDP, New York",183
place,04715,"Batavia city, New York",10496
place,04759,"Bath village, New York",3697
place,04803,"Baxter Estates village, New York",866
place,04891,"Bay Park CDP, New York",1005
place,04913,"Bayport CDP, New York",6801
place,04935,"Bay Shore CDP, New York",17530
place,05034,"Bayville village, New York",4984
place,05039,"Baywood CDP, New York",4761
place,05100,"Beacon city, New York",10017
place,05188,"Beaver Dam Lake CDP, New York",2338
place,05309,"Bedford CDP, New York",NA
place,05342,"Bedford Hills CDP, New York",1408
place,05562,"Belfast CDP, New York",440
place,05639,"Bellerose village, New York",NA
place,05661,"Bellerose Terrace CDP, New York",1132
place,05672,"Belle Terre village, New York",NA
place,05683,"Belleville CDP, New York",NA
place,05738,"Bellmore CDP, New York",10739
place,05771,"Bellport village, New York",1472
place,05815,"Belmont village, New York",554
place,05848,"Bemus Point village, New York",199
place,06046,"Bergen village, New York",882
place,06387,"Bethpage CDP, New York",11825
place,06464,"Big Flats CDP, New York",4696
place,06574,"Billington Heights CDP, New York",1749
place,06607,"Binghamton city, New York",25913
place,06644,"Binghamton University CDP, New York",-666666666
place,06794,"Black River village, New York",1343
place,06849,"Blasdell village, New York",1786
place,06860,"Blauvelt CDP, New York",3996
place,06904,"Bliss CDP, New York",311
place,06937,"Blodgett Mills CDP, New York",NA
place,06945,"Bloomfield village, New York",1067
place,06959,"Bloomingburg village, New York",156
place,07025,"Bloomville CDP, New York",NA
place,07069,"Blue Point CDP, New York",3839
place,07157,"Bohemia CDP, New York",6911
place,07190,"Bolivar village, New York",684
place,07245,"Bolton Landing CDP, New York",NA
place,07355,"Boonville village, New York",1280
place,07960,"Brasher Falls CDP, New York",368
place,08004,"Breesport CDP, New York",596
place,08059,"Brewerton CDP, New York",3134
place,08070,"Brewster village, New York",1466
place,08081,"Brewster Heights CDP, New York",NA
place,08092,"Brewster Hill CDP, New York",NA
place,08103,"Briarcliff Manor village, New York",5311
place,08136,"Bridgehampton CDP, New York",1415
place,08147,"Bridgeport CDP, New York",891
place,08158,"Bridgeville CDP, New York",NA
place,08169,"Bridgewater CDP, New York",404
place,08257,"Brighton CDP, New York",24576
place,08323,"Brightwaters village, New York",2227
place,08334,"Brinckerhoff CDP, New York",2269
place,08422,"Broadalbin village, New York",1388
place,08466,"Brockport village, New York",3816
place,08488,"Brocton village, New York",843
place,08532,"Bronxville village, New York",3346
place,09000,"Brookhaven CDP, New York",2363
place,10077,"Brooktondale CDP, New York",NA
place,10132,"Brookville village, New York",2008
place,10231,"Brownville village, New York",355
place,10286,"Brushton village, New York",306
place,10341,"Buchanan village, New York",1682
place,11000,"Buffalo city, New York",139898
place,11132,"Burdett village, New York",318
place,11154,"Burke village, New York",146
place,11220,"Burlington Flats CDP, New York",126
place,11440,"Busti CDP, New York",206
place,11550,"Byersville CDP, New York",60
place,11616,"Cadyville CDP, New York",NA
place,11638,"Cairo CDP, New York",1089
place,11671,"Calcium CDP, New York",2045
place,11704,"Caledonia village, New York",1893
place,11748,"Callicoon CDP, New York",NA
place,11781,"Calverton CDP, New York",4132
place,11825,"Cambridge village, New York",1815
place,11847,"Camden village, New York",1676
place,11902,"Camillus village, New York",895
place,11935,"Campbell CDP, New York",357
place,12111,"Canajoharie village, New York",1077
place,12144,"Canandaigua city, New York",7167
place,12177,"Canaseraga village, New York",287
place,12188,"Canastota village, New York",3253
place,12210,"Candor village, New York",787
place,12254,"Canisteo village, New York",1189
place,12331,"Canton village, New York",3080
place,12353,"Cape Vincent village, New York",352
place,12402,"Captree CDP, New York",NA
place,12419,"Carle Place CDP, New York",3588
place,12518,"Carmel CDP, New York",5360
place,12584,"Caroga Lake CDP, New York",NA
place,12683,"Carthage village, New York",1901
place,12749,"Cassadaga village, New York",365
place,12771,"Castile village, New York",571
place,12870,"Castleton-on-Hudson village, New York",1034
place,12881,"Castorland village, New York",302
place,12958,"Cato village, New York",262
place,13002,"Catskill village, New York",2560
place,13024,"Cattaraugus village, New York",847
place,13068,"Cayuga village, New York",394
place,13079,"Cayuga Heights village, New York",2234
place,13145,"Cazenovia village, New York",1194
place,13233,"Cedarhurst village, New York",3862
place,13288,"Celoron village, New York",836
place,13299,"Cementon CDP, New York",NA
place,13376,"Centereach CDP, New York",21024
place,13420,"Center Moriches CDP, New York",6091
place,13442,"Centerport CDP, New York",5127
place,13530,"Central Bridge CDP, New York",401
place,13552,"Central Islip CDP, New York",20299
place,13585,"Central Square village, New York",1679
place,13618,"Centre Island village, New York",348
place,13662,"Chadwicks CDP, New York",726
place,13739,"Champlain village, New York",807
place,13805,"Chappaqua CDP, New York",2320
place,13981,"Chateaugay village, New York",661
place,14003,"Chatham village, New York",1254
place,14036,"Chaumont village, New York",440
place,14058,"Chautauqua CDP, New York",NA
place,14102,"Chazy CDP, New York",NA
place,15000,"Cheektowaga CDP, New York",53370
place,15060,"Chelsea Cove CDP, New York",767
place,15121,"Chenango Bridge CDP, New York",2404
place,15187,"Cherry Creek CDP, New York",242
place,15242,"Cherry Valley village, New York",318
place,15297,"Chester village, New York",2868
place,15363,"Chestertown CDP, New York",405
place,15400,"Chestnut Ridge village, New York",4741
place,15561,"Chittenango village, New York",3144
place,15638,"Churchville village, New York",1703
place,15814,"Clarence CDP, New York",1739
place,15836,"Clarence Center CDP, New York",2000
place,15902,"Clark Mills CDP, New York",1356
place,15946,"Clarkson CDP, New York",3625
place,16050,"Claverack-Red Mills CDP, New York",NA
place,16089,"Clayton village, New York",1230
place,16111,"Clayville village, New York",244
place,16188,"Cleveland village, New York",506
place,16298,"Clifton Gardens CDP, New York",1530
place,16322,"Clifton Knolls-Mill Creek CDP, New York",NA
place,16375,"Clifton Springs village, New York",1262
place,16419,"Clinton village, New York",1581
place,16452,"Clintondale CDP, New York",1314
place,16573,"Clyde village, New York",1385
place,16628,"Cobleskill village, New York",2093
place,16727,"Cohocton village, New York",746
place,16749,"Cohoes city, New York",10238
place,16815,"Cold Brook village, New York",159
place,16936,"Cold Spring village, New York",1086
place,16958,"Cold Spring Harbor CDP, New York",2253
place,17332,"Colonie village, New York",5237
place,17398,"Colton CDP, New York",197
place,17530,"Commack CDP, New York",25885
place,17607,"Conesus CDP, New York",NA
place,17622,"Conesus Lake CDP, New York",1996
place,17739,"Congers CDP, New York",5599
place,17882,"Constableville village, New York",247
place,17893,"Constantia CDP, New York",NA
place,18036,"Coopers Plains CDP, New York",NA
place,18047,"Cooperstown village, New York",1438
place,18091,"Copake CDP, New York",NA
place,18113,"Copake Falls CDP, New York",NA
place,18124,"Copake Lake CDP, New York",NA
place,18135,"Copenhagen village, New York",467
place,18146,"Copiague CDP, New York",14318
place,18157,"Coram CDP, New York",29350
place,18201,"Corfu village, New York",582
place,18212,"Corinth village, New York",1731
place,18256,"Corning city, New York",7297
place,18333,"Cornwall-on-Hudson village, New York",2418
place,18388,"Cortland city, New York",9965
place,18443,"Cortland West CDP, New York",NA
place,18542,"Country Knolls CDP, New York",4842
place,18597,"Cove Neck village, New York",285
place,18718,"Coxsackie village, New York",1738
place,18762,"Cragsmoor CDP, New York",436
place,18817,"Cranberry Lake CDP, New York",NA
place,18993,"Crest View Heights CDP, New York",NA
place,19070,"Croghan village, New York",483
place,19092,"Crompond CDP, New York",NA
place,19213,"Croton-on-Hudson village, New York",5292
place,19229,"Crown Heights CDP, New York",2217
place,19290,"Crugers CDP, New York",942
place,19308,"Crystal Beach CDP, New York",624
place,19356,"Cuba village, New York",1039
place,19408,"Cumberland Head CDP, New York",1437
place,19411,"Cumminsville CDP, New York",NA
place,19466,"Cutchogue CDP, New York",2654
place,19510,"Cuylerville CDP, New York",NA
place,19587,"Dalton CDP, New York",NA
place,19609,"Danby CDP, New York",416
place,19642,"Dannemora village, New York",546
place,19664,"Dansville village, New York",3545
place,19774,"Davenport Center CDP, New York",329
place,19972,"Deer Park CDP, New York",18090
place,19994,"Deferiet village, New York",155
place,20049,"DeKalb Junction CDP, New York",NA
place,20082,"Delanson village, New York",313
place,20115,"Delevan village, New York",799
place,20126,"Delhi village, New York",965
place,20302,"Depauville CDP, New York",NA
place,20313,"Depew village, New York",11340
place,20346,"Deposit village, New York",974
place,20379,"Dering Harbor village, New York",-666666666
place,20390,"DeRuyter village, New York",264
place,20467,"De Witt CDP, New York",6589
place,20500,"Dexter village, New York",504
place,20687,"Dix Hills CDP, New York",18511
place,20698,"Dobbs Ferry village, New York",6756
place,20731,"Dolgeville village, New York",1435
place,20841,"Dover Plains CDP, New York",678
place,20852,"Downsville CDP, New York",NA
place,20896,"Dresden village, New York",205
place,20951,"Dryden village, New York",1444
place,20989,"Duane Lake CDP, New York",277
place,20995,"Duanesburg CDP, New York",NA
place,21050,"Dundee village, New York",988
place,21105,"Dunkirk city, New York",8376
place,21226,"Durhamville CDP, New York",518
place,21380,"Eagle Bay CDP, New York",NA
place,21523,"Earlville village, New York",528
place,21578,"East Atlantic Beach CDP, New York",1335
place,21589,"East Aurora village, New York",4235
place,21600,"East Avon CDP, New York",448
place,21809,"Eastchester CDP, New York",12815
place,21919,"East Durham CDP, New York",316
place,21985,"East Farmingdale CDP, New York",3879
place,22029,"East Frankfort CDP, New York",NA
place,22084,"East Glenville CDP, New York",8362
place,22106,"East Greenbush CDP, New York",4936
place,22183,"East Hampton village, New York",1069
place,22200,"East Hampton North CDP, New York",3944
place,22238,"East Herkimer CDP, New York",485
place,22260,"East Hills village, New York",4958
place,22315,"East Islip CDP, New York",10425
place,22326,"East Ithaca CDP, New York",1896
place,22370,"East Kingston CDP, New York",194
place,22447,"East Marion CDP, New York",1554
place,22480,"East Massapequa CDP, New York",14294
place,22502,"East Meadow CDP, New York",22286
place,22546,"East Moriches CDP, New York",3964
place,22557,"East Nassau village, New York",473
place,22612,"East Northport CDP, New York",15233
place,22623,"East Norwich CDP, New York",NA
place,22733,"East Patchogue CDP, New York",15900
place,22810,"Eastport CDP, New York",1657
place,22832,"East Quogue CDP, New York",4970
place,22843,"East Randolph CDP, New York",451
place,22865,"East Rochester village, New York",4287
place,22876,"East Rockaway village, New York",6724
place,22964,"East Setauket CDP, New York",7479
place,22980,"East Shoreham CDP, New York",5541
place,23052,"East Syracuse village, New York",2104
place,23217,"East Williston village, New York",1698
place,23283,"East Worcester CDP, New York",NA
place,23316,"Eatons Neck CDP, New York",1030
place,23404,"Eden CDP, New York",2328
place,23602,"Edmeston CDP, New York",385
place,23635,"Edwards CDP, New York",334
place,23701,"Eggertsville CDP, New York",10688
place,23745,"Elba village, New York",399
place,23789,"Elbridge village, New York",1024
place,23811,"Eldred CDP, New York",NA
place,23822,"Elizabethtown CDP, New York",462
place,23965,"Ellenville village, New York",2291
place,24020,"Ellicottville village, New York",248
place,24075,"Ellisburg village, New York",132
place,24141,"Elma Center CDP, New York",2307
place,24229,"Elmira city, New York",13189
place,24251,"Elmira Heights village, New York",2923
place,24273,"Elmont CDP, New York",19806
place,24295,"Elmsford village, New York",3056
place,24405,"Elwood CDP, New York",8368
place,24515,"Endicott village, New York",7624
place,24526,"Endwell CDP, New York",8315
place,24625,"Erin CDP, New York",377
place,24713,"Esperance village, New York",209
place,24823,"Evans Mills village, New York",401
place,24867,"Fabius village, New York",291
place,24988,"Fair Haven village, New York",764
place,25043,"Fairmount CDP, New York",7242
place,25076,"Fairport village, New York",3901
place,25109,"Fairview CDP (Dutchess County), New York",5208
place,25120,"Fairview CDP (Westchester County), New York",2040
place,25164,"Falconer village, New York",1393
place,25230,"Fallsburg CDP, New York",NA
place,25384,"Farmingdale village, New York",5929
place,25417,"Farmingville CDP, New York",11115
place,25428,"Farnham village, New York",287
place,25527,"Fayetteville village, New York",3120
place,25571,"Felts Mills CDP, New York",322
place,25747,"Fillmore CDP, New York",366
place,25839,"Fire Island CDP, New York",226
place,25857,"Firthcliffe CDP, New York",3791
place,25923,"Fishers Island CDP, New York",NA
place,25934,"Fishers Landing CDP, New York",41
place,25967,"Fishkill village, New York",1644
place,26121,"Flanders CDP, New York",4143
place,26209,"Fleischmanns village, New York",211
place,26264,"Floral Park village, New York",10277
place,26319,"Florida village, New York",1939
place,26352,"Flower Hill village, New York",3387
place,26418,"Fly Creek CDP, New York",178
place,26462,"Fonda village, New York",420
place,26561,"Forest Home CDP, New York",425
place,26649,"Forestville CDP, New York",437
place,26704,"Fort Ann village, New York",323
place,26726,"Fort Covington CDP, New York",734
place,26759,"Fort Drum CDP, New York",8219
place,26770,"Fort Edward village, New York",2190
place,26880,"Fort Johnson village, New York",292
place,26902,"Fort Montgomery CDP, New York",1667
place,26924,"Fort Plain village, New York",1376
place,26946,"Fort Salonga CDP, New York",8068
place,27133,"Fowlerville CDP, New York",151
place,27188,"Frankfort village, New York",1608
place,27221,"Franklin village, New York",324
place,27309,"Franklin Square CDP, New York",19088
place,27331,"Franklinville village, New York",1104
place,27419,"Fredonia village, New York",5675
place,27452,"Freedom Plains CDP, New York",531
place,27485,"Freeport village, New York",24617
place,27529,"Freeville village, New York",358
place,27672,"Frewsburg CDP, New York",1297
place,27694,"Friendship CDP, New York",482
place,27815,"Fulton city, New York",6336
place,27859,"Fultonville village, New York",469
place,27969,"Gainesville village, New York",206
place,28035,"Galeville CDP, New York",2839
place,28101,"Galway village, New York",128
place,28138,"Gananda CDP, New York",5178
place,28145,"Gang Mills CDP, New York",3368
place,28178,"Garden City village, New York",14570
place,28189,"Garden City Park CDP, New York",4800
place,28200,"Garden City South CDP, New York",2713
place,28244,"Gardiner CDP, New York",439
place,28310,"Gardnertown CDP, New York",3181
place,28376,"Garrattsville CDP, New York",128
place,28431,"Gasport CDP, New York",1242
place,28453,"Gates CDP, New York",3556
place,28618,"Geneseo village, New York",3548
place,28640,"Geneva city, New York",6316
place,28761,"Germantown CDP, New York",1080
place,28860,"Ghent CDP, New York",NA
place,28959,"Gilbertsville village, New York",256
place,28990,"Gilgo CDP, New York",NA
place,29014,"Glasco CDP, New York",1753
place,29058,"Glen Aubrey CDP, New York",164
place,29113,"Glen Cove city, New York",18446
place,29245,"Glen Head CDP, New York",3652
place,29322,"Glen Park village, New York",398
place,29333,"Glens Falls city, New York",10205
place,29338,"Glens Falls North CDP, New York",6998
place,29421,"Glenwood Landing CDP, New York",2995
place,29443,"Gloversville city, New York",8695
place,29476,"Golden's Bridge CDP, New York",1171
place,29509,"Gordon Heights CDP, New York",2663
place,29520,"Gorham CDP, New York",NA
place,29542,"Goshen village, New York",3792
place,29597,"Gouverneur village, New York",2042
place,29630,"Gowanda village, New York",1658
place,29707,"Grahamsville CDP, New York",281
place,29872,"Grand View-on-Hudson village, New York",207
place,29894,"Grandyle Village CDP, New York",3990
place,30026,"Granville village, New York",1526
place,30136,"Great Bend CDP, New York",499
place,30169,"Great Neck village, New York",5058
place,30191,"Great Neck Estates village, New York",1656
place,30202,"Great Neck Gardens CDP, New York",616
place,30213,"Great Neck Plaza village, New York",4663
place,30235,"Great River CDP, New York",1561
place,30279,"Greece CDP, New York",10055
place,30411,"Greene village, New York",1115
place,30521,"Green Island village, New York",1801
place,30543,"Greenlawn CDP, New York",9663
place,30576,"Greenport village, New York",1603
place,30581,"Greenport West CDP, New York",1578
place,30598,"Greenvale CDP, New York",929
place,30609,"Greenville CDP (Greene County), New York",463
place,30642,"Greenville CDP (Westchester County), New York",5549
place,30675,"Greenwich village, New York",1222
place,30752,"Greenwood Lake village, New York",2306
place,30807,"Greigsville CDP, New York",NA
place,30961,"Groton village, New York",1404
place,31022,"Groveland Station CDP, New York",NA
place,31137,"Guilford CDP, New York",NA
place,31258,"Hadley CDP, New York",1012
place,31291,"Hagaman village, New York",952
place,31346,"Hailesboro CDP, New York",462
place,31357,"Haines Falls CDP, New York",NA
place,31445,"Halesite CDP, New York",1735
place,31533,"Hall CDP, New York",195
place,31643,"Hamburg village, New York",7082
place,31709,"Hamilton village, New York",822
place,31746,"Hamilton College CDP, New York",NA
place,31786,"Hamlin CDP, New York",3755
place,31830,"Hammond village, New York",215
place,31852,"Hammondsport village, New York",448
place,31896,"Hampton Bays CDP, New York",13539
place,31918,"Hampton Manor CDP, New York",4180
place,31940,"Hancock village, New York",581
place,31973,"Hankins CDP, New York",96
place,32006,"Hannawa Falls CDP, New York",716
place,32017,"Hannibal village, New York",443
place,32094,"Harbor Hills CDP, New York",347
place,32105,"Harbor Isle CDP, New York",NA
place,32325,"Harriman village, New York",1575
place,32391,"Harris Hill CDP, New York",4461
place,32402,"Harrison village, New York",17439
place,32523,"Hartsdale CDP, New York",2042
place,32578,"Hartwick CDP, New York",243
place,32597,"Hartwick Seminary CDP, New York",128
place,32710,"Hastings-on-Hudson village, New York",5031
place,32732,"Hauppauge CDP, New York",15064
place,32754,"Haverstraw village, New York",5278
place,32776,"Haviland CDP, New York",2846
place,32842,"Hawthorne CDP, New York",3507
place,32963,"Head of the Harbor village, New York",1184
place,33128,"Hemlock CDP, New York",NA
place,33139,"Hempstead village, New York",24872
place,34044,"Henderson CDP, New York",177
place,34118,"Heritage Hills CDP, New York",3235
place,34121,"Herkimer village, New York",4573
place,34165,"Hermon CDP, New York",281
place,34198,"Herricks CDP, New York",2691
place,34220,"Herrings CDP, New York",-666666666
place,34264,"Heuvelton village, New York",483
place,34286,"Hewlett CDP, New York",4142
place,34297,"Hewlett Bay Park village, New York",NA
place,34308,"Hewlett Harbor village, New York",NA
place,34319,"Hewlett Neck village, New York",NA
place,34374,"Hicksville CDP, New York",29661
place,34451,"High Falls CDP, New York",NA
place,34484,"Highland CDP, New York",4527
place,34495,"Highland Falls village, New York",2708
place,34528,"Highland-on-the-Lake CDP, New York",2770
place,34660,"Hillburn village, New York",722
place,34693,"Hillcrest CDP, New York",4867
place,34786,"Hillside CDP, New York",763
place,34803,"Hillside Lake CDP, New York",1055
place,34847,"Hilton village, New York",3707
place,34979,"Hobart village, New York",325
place,35056,"Holbrook CDP, New York",18447
place,35111,"Holland CDP, New York",756
place,35144,"Holland Patent village, New York",218
place,35155,"Holley village, New York",1368
place,35254,"Holtsville CDP, New York",13820
place,35276,"Homer village, New York",2532
place,35353,"Honeoye CDP, New York",648
place,35364,"Honeoye Falls village, New York",1948
place,35474,"Hoosick Falls village, New York",1857
place,35573,"Hopewell Junction CDP, New York",707
place,35672,"Hornell city, New York",5078
place,35694,"Horseheads village, New York",4600
place,35710,"Horseheads North CDP, New York",2037
place,35738,"Hortonville CDP, New York",NA
place,35771,"Houghton CDP, New York",460
place,35969,"Hudson city, New York",3016
place,35980,"Hudson Falls village, New York",4582
place,36156,"Hunt CDP, New York",NA
place,36167,"Hunter village, New York",152
place,36233,"Huntington CDP, New York",16363
place,37022,"Huntington Bay village, New York",1532
place,37044,"Huntington Station CDP, New York",21202
place,37132,"Hurley CDP, New York",2946
place,37154,"Hurleyville CDP, New York",790
place,37198,"Hyde Park CDP, New York",1435
place,37275,"Ilion village, New York",4757
place,37528,"Interlaken village, New York",408
place,37583,"Inwood CDP, New York",5138
place,37737,"Irondequoit CDP, New York",36896
place,37803,"Irvington village, New York",4165
place,37840,"Islandia village, New York",2954
place,37847,"Island Park village, New York",2852
place,37869,"Islip CDP, New York",12751
place,38022,"Islip Terrace CDP, New York",3895
place,38077,"Ithaca city, New York",16823
place,38209,"Jacksonville CDP, New York",467
place,38253,"Jamesport CDP, New York",NA
place,38264,"Jamestown city, New York",15718
place,38275,"Jamestown West CDP, New York",1894
place,38429,"Jefferson CDP, New York",NA
place,38451,"Jefferson Heights CDP, New York",570
place,38500,"Jefferson Valley-Yorktown CDP, New York",10773
place,38506,"Jeffersonville village, New York",269
place,38539,"Jericho CDP, New York",8446
place,38748,"Johnson City village, New York",9474
place,38781,"Johnstown city, New York",6337
place,38825,"Jordan village, New York",1027
place,38934,"Kaser village, New York",520
place,38946,"Katonah CDP, New York",1216
place,38985,"Kauneonga Lake CDP, New York",NA
place,39089,"Keeseville CDP, New York",1692
place,39232,"Kenmore village, New York",10806
place,39243,"Kennedy CDP, New York",NA
place,39309,"Kensington village, New York",NA
place,39397,"Kerhonkson CDP, New York",1180
place,39463,"Keuka Park CDP, New York",260
place,39485,"Kiamesha Lake CDP, New York",345
place,39562,"Kinderhook village, New York",991
place,39672,"Kings Park CDP, New York",12279
place,39694,"Kings Point village, New York",3057
place,39727,"Kingston city, New York",14709
place,39853,"Kiryas Joel village, New York",5016
place,40175,"Kysorville CDP, New York",NA
place,40189,"Lackawanna city, New York",10840
place,40200,"Lacona village, New York",504
place,40233,"La Fargeville CDP, New York",268
place,40398,"Lake Carmel CDP, New York",5641
place,40475,"Lake Delta CDP, New York",2402
place,40486,"Lake Erie Beach CDP, New York",2341
place,40508,"Lake George village, New York",653
place,40530,"Lake Grove village, New York",8021
place,40552,"Lake Huntington CDP, New York",299
place,40585,"Lake Katrine CDP, New York",1353
place,40607,"Lakeland CDP, New York",2066
place,40651,"Lake Luzerne CDP, New York",1035
place,40689,"Lake Mohegan CDP, New York",3874
place,40761,"Lake Placid village, New York",1479
place,40838,"Lake Ronkonkoma CDP, New York",13216
place,40937,"Lake Success village, New York",1603
place,41003,"Lakeview CDP, New York",3065
place,41036,"Lakeville CDP, New York",NA
place,41069,"Lakewood village, New York",2106
place,41135,"Lancaster village, New York",7995
place,41223,"Lansing village, New York",2231
place,41333,"Larchmont village, New York",3844
place,41399,"Latham CDP, New York",10239
place,41432,"Lattingtown village, New York",1965
place,41465,"Laurel CDP, New York",NA
place,41487,"Laurel Hollow village, New York",1467
place,41520,"Laurens village, New York",124
place,41553,"Lawrence village, New York",3243
place,41784,"Leeds CDP, New York",NA
place,41872,"Leicester village, New York",440
place,42026,"Le Roy village, New York",2820
place,42081,"Levittown CDP, New York",36686
place,42147,"Lewiston village, New York",2090
place,42224,"Liberty village, New York",2303
place,42279,"Lido Beach CDP, New York",1866
place,42323,"Lima village, New York",1431
place,42345,"Lime Lake CDP, New York",486
place,42378,"Limestone CDP, New York",234
place,42455,"Lincolndale CDP, New York",NA
place,42488,"Lincoln Park CDP, New York",1496
place,42554,"Lindenhurst village, New York",19335
place,42609,"Linwood CDP, New York",NA
place,42642,"Lisle village, New York",200
place,42741,"Little Falls city, New York",2593
place,42829,"Little Valley village, New York",681
place,42884,"Liverpool village, New York",1840
place,42928,"Livingston Manor CDP, New York",498
place,42950,"Livonia village, New York",1214
place,42972,"Livonia Center CDP, New York",NA
place,43005,"Lloyd Harbor village, New York",2778
place,43038,"Loch Sheldrake CDP, New York",368
place,43082,"Lockport city, New York",13763
place,43192,"Locust Valley CDP, New York",2736
place,43214,"Lodi village, New York",226
place,43335,"Long Beach city, New York",23472
place,43401,"Long Lake CDP, New York",519
place,43511,"Lorenz Park CDP, New York",1444
place,43533,"Lorraine CDP, New York",79
place,43566,"Loudonville CDP, New York",7274
place,43720,"Lowville village, New York",2653
place,43874,"Lynbrook village, New York",12614
place,43885,"Lyncourt CDP, New York",2511
place,43918,"Lyndonville village, New York",565
place,43951,"Lyon Mountain CDP, New York",92
place,43962,"Lyons CDP, New York",2371
place,44006,"Lyons Falls village, New York",337
place,44105,"MacDonnell Heights CDP, New York",866
place,44149,"Macedon CDP, New York",1329
place,44193,"McGraw village, New York",680
place,44226,"Machias CDP, New York",NA
place,44358,"McLean CDP, New York",NA
place,44424,"Madison village, New York",284
place,44479,"Madrid CDP, New York",518
place,44534,"Mahopac CDP, New York",6577
place,44677,"Malden-on-Hudson CDP, New York",NA
place,44710,"Malone village, New York",3538
place,44787,"Malverne village, New York",5885
place,44792,"Malverne Park Oaks CDP, New York",488
place,44831,"Mamaroneck village, New York",10458
place,44853,"Manchester village, New York",1182
place,44897,"Manhasset CDP, New York",4584
place,44908,"Manhasset Hills CDP, New York",2750
place,45018,"Manlius village, New York",3180
place,45073,"Mannsville village, New York",323
place,45106,"Manorhaven village, New York",4440
place,45139,"Manorville CDP, New York",10496
place,45392,"Marathon village, New York",709
place,45480,"Marcellus village, New York",1492
place,45524,"Marcy CDP, New York",406
place,45557,"Margaretville village, New York",327
place,45573,"Mariaville Lake CDP, New York",785
place,45634,"Marion CDP, New York",920
place,45659,"Marist College CDP, New York",-666666666
place,45700,"Marlboro CDP, New York",2914
place,45986,"Massapequa CDP, New York",16420
place,45997,"Massapequa Park village, New York",12324
place,46019,"Massena village, New York",6404
place,46074,"Mastic CDP, New York",9719
place,46085,"Mastic Beach CDP, New York",10139
place,46107,"Matinecock village, New York",605
place,46140,"Mattituck CDP, New York",NA
place,46151,"Mattydale CDP, New York",3956
place,46162,"Maybrook village, New York",2136
place,46206,"Mayfield village, New York",731
place,46239,"Mayville village, New York",1107
place,46349,"Mechanicstown CDP, New York",4369
place,46360,"Mechanicville city, New York",3627
place,46404,"Medford CDP, New York",17227
place,46415,"Medina village, New York",4056
place,46503,"Melrose Park CDP, New York",NA
place,46514,"Melville CDP, New York",14057
place,46536,"Menands village, New York",3076
place,46646,"Meridian village, New York",151
place,46668,"Merrick CDP, New York",14644
place,46750,"Merritt Park CDP, New York",1377
place,46811,"Mexico village, New York",1422
place,46866,"Middleburgh village, New York",1036
place,46976,"Middle Island CDP, New York",7520
place,46998,"Middleport village, New York",1376
place,47042,"Middletown city, New York",16327
place,47108,"Middleville village, New York",328
place,47229,"Milford village, New York",298
place,47273,"Millbrook village, New York",1097
place,47306,"Miller Place CDP, New York",8795
place,47361,"Millerton village, New York",524
place,47405,"Mill Neck village, New York",1093
place,47427,"Millport village, New York",276
place,47482,"Millwood CDP, New York",612
place,47548,"Milton CDP (Saratoga County), New York",3684
place,47554,"Milton CDP (Ulster County), New York",1640
place,47636,"Mineola village, New York",13779
place,47680,"Minetto CDP, New York",1082
place,47702,"Mineville CDP, New York",1106
place,47757,"Minoa village, New York",2792
place,47823,"Mohawk village, New York",1833
place,47977,"Mongaup Valley CDP, New York",NA
place,47988,"Monroe village, New York",5529
place,48010,"Monsey CDP, New York",4937
place,48054,"Montauk CDP, New York",2918
place,48090,"Montebello village, New York",2941
place,48142,"Montgomery village, New York",2556
place,48175,"Monticello village, New York",3598
place,48197,"Montour Falls village, New York",901
place,48208,"Montrose CDP, New York",2736
place,48241,"Mooers CDP, New York",NA
place,48296,"Moravia village, New York",863
place,48450,"Moriches CDP, New York",1788
place,48483,"Morris village, New York",531
place,48538,"Morrisonville CDP, New York",1385
place,48593,"Morrisville village, New York",357
place,48736,"Mountain Dale CDP, New York",270
place,48750,"Mountain Lodge Park CDP, New York",1128
place,48879,"Mount Ivy CDP, New York",5197
place,48890,"Mount Kisco village, New York",6182
place,48945,"Mount Morris village, New York",1957
place,49066,"Mount Sinai CDP, New York",8468
place,49121,"Mount Vernon city, New York",30642
place,49143,"Mount Vision CDP, New York",78
place,49220,"Munnsville village, New York",279
place,49231,"Munsey Park village, New York",NA
place,49242,"Munsons Corners CDP, New York",1460
place,49330,"Muttontown village, New York",2863
place,49363,"Myers Corner CDP, New York",8340
place,49407,"Nanuet CDP, New York",14110
place,49418,"Napanoch CDP, New York",NA
place,49424,"Napeague CDP, New York",NA
place,49429,"Naples village, New York",830
place,49473,"Narrowsburg CDP, New York",374
place,49506,"Nassau village, New York",800
place,49555,"Nassau Lake CDP, New York",760
place,49605,"Natural Bridge CDP, New York",NA
place,49715,"Nazareth College CDP, New York",-666666666
place,49726,"Nedrow CDP, New York",1537
place,49748,"Nelliston village, New York",534
place,49781,"Nelsonville village, New York",480
place,49825,"Nesconset CDP, New York",10153
place,49891,"Newark village, New York",5849
place,49902,"Newark Valley village, New York",725
place,49924,"New Baltimore CDP, New York",232
place,49946,"New Berlin village, New York",562
place,50034,"Newburgh city, New York",12466
place,50067,"New Cassel CDP, New York",6253
place,50100,"New City CDP, New York",24399
place,50221,"Newfane CDP, New York",2438
place,50243,"Newfield CDP, New York",NA
place,50265,"New Hackensack CDP, New York",766
place,50276,"New Hamburg CDP, New York",NA
place,50298,"New Hartford village, New York",1408
place,50353,"New Hempstead village, New York",3191
place,50397,"New Hyde Park village, New York",6548
place,50551,"New Paltz village, New York",3126
place,50573,"Newport village, New York",373
place,50617,"New Rochelle city, New York",44311
place,50705,"New Square village, New York",863
place,50727,"New Suffolk CDP, New York",235
place,50837,"New Windsor CDP, New York",6890
place,51000,"New York city, New York",2067272
place,51011,"New York Mills village, New York",2090
place,51055,"Niagara Falls city, New York",28434
place,51088,"Niagara University CDP, New York",-666666666
place,51110,"Nichols village, New York",480
place,51262,"Niskayuna CDP, New York",15063
place,51286,"Nissequogue village, New York",1322
place,51297,"Niverville CDP, New York",1125
place,51319,"Norfolk CDP, New York",697
place,51396,"North Amityville CDP, New York",10632
place,51418,"Northampton CDP, New York",NA
place,51440,"North Babylon CDP, New York",12565
place,51467,"North Ballston Spa CDP, New York",979
place,51484,"North Bay CDP, New York",NA
place,51495,"North Bay Shore CDP, New York",11617
place,51517,"North Bellmore CDP, New York",14510
place,51528,"North Bellport CDP, New York",6891
place,51561,"North Blenheim CDP, New York",NA
place,51583,"North Boston CDP, New York",2567
place,51792,"North Collins village, New York",897
place,51847,"North Creek CDP, New York",299
place,51915,"Northeast Ithaca CDP, New York",1693
place,52040,"North Gates CDP, New York",7281
place,52067,"North Granville CDP, New York",619
place,52078,"North Great River CDP, New York",2678
place,52188,"North Haven village, New York",831
place,53022,"North Hills village, New York",4322
place,53055,"North Hornell village, New York",819
place,53198,"North Lindenhurst CDP, New York",7876
place,53231,"North Lynbrook CDP, New York",NA
place,53253,"North Massapequa CDP, New York",14033
place,53264,"North Merrick CDP, New York",8831
place,53275,"North New Hyde Park CDP, New York",9622
place,53319,"North Patchogue CDP, New York",5042
place,53396,"Northport village, New York",6054
place,53462,"North Rose CDP, New York",419
place,53561,"North Sea CDP, New York",5066
place,53660,"North Syracuse village, New York",4854
place,53682,"North Tonawanda city, New York",22187
place,53748,"North Valley Stream CDP, New York",11563
place,53770,"Northville village, New York",840
place,53775,"Northville CDP, New York",NA
place,53792,"North Wantagh CDP, New York",8854
place,53852,"Northwest Harbor CDP, New York",3990
place,53853,"Northwest Ithaca CDP, New York",1110
place,53979,"Norwich city, New York",3982
place,54012,"Norwood village, New York",906
place,54056,"Noyack CDP, New York",3660
place,54078,"Nunda village, New York",1004
place,54100,"Nyack village, New York",4682
place,54111,"Oak Beach CDP, New York",NA
place,54144,"Oakdale CDP, New York",6153
place,54155,"Oakfield village, New York",1059
place,54430,"Ocean Beach village, New York",27
place,54441,"Oceanside CDP, New York",21845
place,54452,"Odessa village, New York",448
place,54485,"Ogdensburg city, New York",5497
place,54540,"Olcott CDP, New York",NA
place,54551,"Old Bethpage CDP, New York",4333
place,54562,"Old Brookville village, New York",1599
place,54617,"Old Field village, New York",848
place,54639,"Old Forge CDP, New York",356
place,54705,"Old Westbury village, New York",2709
place,54716,"Olean city, New York",8596
place,54837,"Oneida city, New York",6735
place,54848,"Oneida Castle village, New York",584
place,54881,"Oneonta city, New York",6791
place,55002,"Ontario CDP, New York",1538
place,55167,"Orangeburg CDP, New York",2382
place,55189,"Orange Lake CDP, New York",7615
place,55266,"Orchard Park village, New York",2516
place,55321,"Orient CDP, New York",NA
place,55365,"Oriskany village, New York",897
place,55376,"Oriskany Falls village, New York",361
place,55530,"Ossining village, New York",15553
place,55574,"Oswego city, New York",10155
place,55618,"Otego village, New York",754
place,55673,"Otisville village, New York",789
place,55750,"Otter Lake CDP, New York",111
place,55816,"Ovid village, New York",344
place,55882,"Owego village, New York",2320
place,55937,"Oxbow CDP, New York",NA
place,55948,"Oxford village, New York",1032
place,55992,"Oyster Bay CDP, New York",4374
place,56011,"Oyster Bay Cove village, New York",1755
place,56088,"Painted Post village, New York",1313
place,56110,"Palatine Bridge village, New York",530
place,56132,"Palenville CDP, New York",564
place,56187,"Palmyra village, New York",2423
place,56212,"Pamelia Center CDP, New York",NA
place,56231,"Panama village, New York",352
place,56291,"Parc CDP, New York",NA
place,56341,"Parish village, New York",364
place,56363,"Parishville CDP, New York",548
place,56660,"Patchogue village, New York",9719
place,56770,"Paul Smiths CDP, New York",-666666666
place,56781,"Pavilion CDP, New York",657
place,56814,"Pawling village, New York",1529
place,56869,"Peach Lake CDP, New York",887
place,56902,"Pearl River CDP, New York",11312
place,56968,"Peconic CDP, New York",NA
place,56979,"Peekskill city, New York",16138
place,57001,"Pelham village, New York",3581
place,57023,"Pelham Manor village, New York",3547
place,57177,"Penn Yan village, New York",2954
place,57243,"Perry village, New York",2251
place,57287,"Perrysburg CDP, New York",155
place,57364,"Peru CDP, New York",1225
place,57518,"Phelps village, New York",1510
place,57551,"Philadelphia village, New York",509
place,57639,"Philmont village, New York",1002
place,57650,"Phoenicia CDP, New York",202
place,57661,"Phoenix village, New York",1338
place,57749,"Piermont village, New York",1747
place,57782,"Pierrepont Manor CDP, New York",221
place,57804,"Piffard CDP, New York",NA
place,57815,"Pike CDP, New York",NA
place,57980,"Pine Bush CDP, New York",1427
place,58057,"Pine Hill CDP, New York",NA
place,58145,"Pine Plains CDP, New York",918
place,58189,"Pine Valley CDP, New York",403
place,58354,"Pittsford village, New York",1280
place,58409,"Plainedge CDP, New York",6173
place,58442,"Plainview CDP, New York",17190
place,58475,"Plandome village, New York",968
place,58486,"Plandome Heights village, New York",596
place,58497,"Plandome Manor village, New York",483
place,58541,"Plattekill CDP, New York",821
place,58574,"Plattsburgh city, New York",11636
place,58601,"Plattsburgh West CDP, New York",1109
place,58684,"Pleasant Valley CDP, New York",1405
place,58728,"Pleasantville village, New York",4733
place,58739,"Plessis CDP, New York",161
place,58794,"Poestenkill CDP, New York",701
place,58849,"Point Lookout CDP, New York",732
place,58937,"Poland village, New York",277
place,58992,"Pomona village, New York",2220
place,59157,"Poquott village, New York",839
place,59212,"Port Byron village, New York",573
place,59223,"Port Chester village, New York",16254
place,59245,"Port Dickinson village, New York",1219
place,59311,"Port Ewen CDP, New York",2971
place,59322,"Port Gibson CDP, New York",NA
place,59333,"Port Henry CDP, New York",889
place,59355,"Port Jefferson village, New York",6109
place,59377,"Port Jefferson Station CDP, New York",5251
place,59388,"Port Jervis city, New York",5174
place,59443,"Portlandville CDP, New York",NA
place,59454,"Port Leyden village, New York",452
place,59498,"Portville village, New York",614
place,59520,"Port Washington CDP, New York",10625
place,59531,"Port Washington North village, New York",2199
place,59564,"Potsdam village, New York",2822
place,59619,"Pottersville CDP, New York",NA
place,59641,"Poughkeepsie city, New York",15679
place,59708,"Prattsburgh CDP, New York",423
place,59740,"Prattsville CDP, New York",90
place,59831,"Preston-Potter Hollow CDP, New York",450
place,59883,"Prospect CDP, New York",NA
place,59960,"Pulaski village, New York",1502
place,59993,"Pultneyville CDP, New York",NA
place,60103,"Putnam Lake CDP, New York",2982
place,60408,"Quiogue CDP, New York",NA
place,60422,"Quogue village, New York",474
place,60455,"Radisson CDP, New York",4935
place,60576,"Randolph CDP, New York",684
place,60598,"Ransomville CDP, New York",1171
place,60609,"Rapids CDP, New York",1336
place,60675,"Ravena village, New York",2471
place,60829,"Red Creek village, New York",457
place,60884,"Redford CDP, New York",174
place,60895,"Red Hook village, New York",1820
place,60983,"Red Oaks Mill CDP, New York",NA
place,61016,"Redwood CDP, New York",NA
place,61115,"Remsen village, New York",249
place,61142,"Remsenburg-Speonk CDP, New York",NA
place,61148,"Rensselaer city, New York",5938
place,61159,"Rensselaer Falls village, New York",278
place,61236,"Retsof CDP, New York",NA
place,61346,"Rhinebeck village, New York",1986
place,61368,"Rhinecliff CDP, New York",NA
place,61434,"Richburg village, New York",384
place,61489,"Richfield Springs village, New York",583
place,61588,"Richmondville village, New York",582
place,61621,"Richville village, New York",209
place,61665,"Ridge CDP, New York",9786
place,61797,"Rifton CDP, New York",NA
place,61874,"Ripley CDP, New York",662
place,61973,"Riverhead CDP, New York",9319
place,62061,"Riverside village, New York",433
place,62066,"Riverside CDP, New York",1659
place,63000,"Rochester city, New York",106897
place,63014,"Rochester Institute of Technology CDP, New York",474
place,63132,"Rock Hill CDP, New York",1803
place,63264,"Rockville Centre village, New York",16301
place,63319,"Rocky Point CDP, New York",10521
place,63330,"Rodman CDP, New York",NA
place,63363,"Roessleville CDP, New York",7543
place,63418,"Rome city, New York",19938
place,63429,"Romulus CDP, New York",245
place,63473,"Ronkonkoma CDP, New York",13111
place,63506,"Roosevelt CDP, New York",9228
place,63583,"Roscoe CDP, New York",478
place,63725,"Rosendale CDP, New York",935
place,63770,"Roslyn village, New York",1658
place,63792,"Roslyn Estates village, New York",1034
place,63803,"Roslyn Harbor village, New York",776
place,63814,"Roslyn Heights CDP, New York",4336
place,63924,"Rotterdam CDP, New York",16305
place,63957,"Round Lake village, New York",745
place,63968,"Round Top CDP, New York",NA
place,63979,"Rouses Point village, New York",1779
place,64056,"Ruby CDP, New York",940
place,64155,"Rushford CDP, New York",241
place,64199,"Rushville village, New York",429
place,64232,"Russell Gardens village, New York",610
place,64309,"Rye city, New York",10527
place,64325,"Rye Brook village, New York",6549
place,64408,"Sackets Harbor village, New York",1083
place,64430,"Saddle Rock village, New York",NA
place,64441,"Saddle Rock Estates CDP, New York",214
place,64452,"Sagaponack village, New York",NA
place,64485,"Sag Harbor village, New York",2012
place,64551,"St. Bonaventure CDP, New York",354
place,64584,"St. James CDP, New York",10146
place,64606,"St. John Fisher College CDP, New York",-666666666
place,64639,"St. Johnsville village, New York",947
place,64716,"St. Regis Falls CDP, New York",NA
place,64749,"Salamanca city, New York",2996
place,64771,"Salem CDP, New York",905
place,64842,"Salisbury CDP, New York",8667
place,64848,"Salisbury Center CDP, New York",216
place,64859,"Salisbury Mills CDP, New York",NA
place,64881,"Saltaire village, New York",NA
place,64892,"Salt Point CDP, New York",NA
place,64958,"Sanborn CDP, New York",994
place,65024,"Sand Ridge CDP, New York",NA
place,65035,"Sands Point village, New York",2098
place,65068,"Sandy Creek village, New York",556
place,65233,"Saranac Lake village, New York",3297
place,65255,"Saratoga Springs city, New York",20083
place,65288,"Saugerties village, New York",2311
place,65310,"Saugerties South CDP, New York",1742
place,65332,"Savannah CDP, New York",332
place,65354,"Savona village, New York",518
place,65409,"Sayville CDP, New York",11112
place,65431,"Scarsdale village, New York",11063
place,65475,"Schaghticoke village, New York",414
place,65508,"Schenectady city, New York",35138
place,65519,"Schenevus CDP, New York",330
place,65585,"Schoharie village, New York",745
place,65640,"Schroon Lake CDP, New York",716
place,65739,"Schuyler Lake CDP, New York",NA
place,65750,"Schuylerville village, New York",1132
place,65761,"Scio CDP, New York",NA
place,65882,"Scotchtown CDP, New York",7799
place,65893,"Scotia village, New York",4772
place,65926,"Scottsburg CDP, New York",82
place,65948,"Scotts Corners CDP, New York",NA
place,65959,"Scottsville village, New York",1981
place,66047,"Sea Cliff village, New York",3575
place,66058,"Seaford CDP, New York",12055
place,66102,"Searingtown CDP, New York",NA
place,66212,"Selden CDP, New York",14576
place,66322,"Seneca Falls CDP, New York",4981
place,66366,"Seneca Knolls CDP, New York",1792
place,66465,"Setauket CDP, New York",2968
place,66663,"Sharon Springs village, New York",435
place,66828,"Shelter Island CDP, New York",NA
place,66850,"Shelter Island Heights CDP, New York",995
place,66872,"Shenorock CDP, New York",1157
place,66883,"Sherburne village, New York",789
place,66949,"Sherman village, New York",402
place,66993,"Sherrill city, New York",2336
place,67048,"Shinnecock Hills CDP, New York",NA
place,67070,"Shirley CDP, New York",18579
place,67081,"Shokan CDP, New York",1019
place,67191,"Shoreham village, New York",NA
place,67207,"Shorehaven CDP, New York",NA
place,67257,"Shortsville village, New York",1386
place,67279,"Shrub Oak CDP, New York",1835
place,67334,"Sidney village, New York",2146
place,67367,"Siena College CDP, New York",-666666666
place,67411,"Silver Creek village, New York",1786
place,67466,"Silver Springs village, New York",426
place,67488,"Sinclairville village, New York",434
place,67510,"Skaneateles village, New York",1940
place,67631,"Slaterville Springs CDP, New York",NA
place,67638,"Sleepy Hollow village, New York",5380
place,67640,"Sleepy Hollow Lake CDP, New York",NA
place,67686,"Sloan village, New York",2474
place,67708,"Sloatsburg village, New York",2345
place,67730,"Smallwood CDP, New York",NA
place,67851,"Smithtown CDP, New York",18372
place,68088,"Smithville Flats CDP, New York",326
place,68099,"Smyrna village, New York",111
place,68209,"Sodus village, New York",1608
place,68242,"Sodus Point village, New York",1005
place,68286,"Solvay village, New York",4092
place,68374,"Sound Beach CDP, New York",5819
place,68462,"Southampton village, New York",3140
place,68610,"South Blooming Grove village, New York",1873
place,68737,"South Cairo CDP, New York",342
place,68847,"South Corning village, New York",817
place,68891,"South Dayton village, New York",352
place,68946,"South Edmeston CDP, New York",95
place,68968,"South Fallsburg CDP, New York",900
place,69001,"South Farmingdale CDP, New York",10997
place,69023,"South Floral Park village, New York",1044
place,69078,"South Glens Falls village, New York",2703
place,69188,"South Hempstead CDP, New York",2287
place,69199,"South Hill CDP, New York",2355
place,69254,"South Huntington CDP, New York",7398
place,69265,"South Ilion CDP, New York",NA
place,69342,"South Lansing CDP, New York",1024
place,69364,"South Lima CDP, New York",NA
place,69386,"South Lockport CDP, New York",6317
place,69452,"Southold CDP, New York",5340
place,69606,"Southport CDP, New York",5224
place,69892,"South Valley Stream CDP, New York",3167
place,70035,"Spackenkill CDP, New York",3366
place,70068,"Sparkill CDP, New York",NA
place,70090,"Sparrow Bush CDP, New York",1095
place,70123,"Speculator village, New York",231
place,70167,"Spencer village, New York",479
place,70189,"Spencerport village, New York",2898
place,70321,"Springfield Center CDP, New York",205
place,70387,"Springs CDP, New York",6862
place,70420,"Spring Valley village, New York",11696
place,70442,"Springville village, New York",2689
place,70464,"Springwater CDP, New York",313
place,70552,"Staatsburg CDP, New York",NA
place,70618,"Stamford village, New York",731
place,70717,"Stannards CDP, New York",550
place,70849,"Star Lake CDP, New York",433
place,71267,"Stewart Manor village, New York",1223
place,71322,"Stillwater village, New York",1461
place,71377,"Stittville CDP, New York",271
place,71597,"Stone Ridge CDP, New York",1707
place,71608,"Stony Brook CDP, New York",9377
place,71620,"Stony Brook University CDP, New York",-666666666
place,71663,"Stony Point CDP, New York",9428
place,71718,"Stottville CDP, New York",922
place,71817,"Strykersville CDP, New York",489
place,71894,"Suffern village, New York",7320
place,72246,"Sunset Bay CDP, New York",147
place,72327,"SUNY Oswego CDP, New York",NA
place,72400,"Swan Lake CDP, New York",119
place,72521,"Sylvan Beach village, New York",778
place,72554,"Syosset CDP, New York",11874
place,73000,"Syracuse city, New York",67082
place,73057,"Taconic Shores CDP, New York",NA
place,73143,"Tannersville village, New York",331
place,73154,"Tappan CDP, New York",4843
place,73176,"Tarrytown village, New York",8362
place,73352,"Terryville CDP, New York",7340
place,73495,"Thendara CDP, New York",108
place,73517,"Theresa village, New York",625
place,73583,"Thiells CDP, New York",3367
place,73605,"Thomaston village, New York",1595
place,73715,"Thornwood CDP, New York",3313
place,73726,"Thousand Island Park CDP, New York",NA
place,73737,"Three Mile Bay CDP, New York",23
place,73880,"Ticonderoga CDP, New York",2087
place,73902,"Tillson CDP, New York",1287
place,73990,"Tioga Terrace CDP, New York",NA
place,74017,"Titusville CDP, New York",550
place,74023,"Tivoli village, New York",671
place,74166,"Tonawanda city, New York",10580
place,75021,"Tonawanda Town CDP, New York",41866
place,75121,"Town Line CDP, New York",1623
place,75341,"Tribes Hill CDP, New York",688
place,75484,"Troy city, New York",25379
place,75506,"Trumansburg village, New York",1263
place,75572,"Tuckahoe CDP, New York",851
place,75583,"Tuckahoe village, New York",3858
place,75627,"Tully village, New York",653
place,75671,"Tupper Lake village, New York",2155
place,75682,"Turin village, New York",307
place,75726,"Tuscarora CDP, New York",NA
place,75779,"Tuxedo village, New York",2355
place,75803,"Tuxedo Park village, New York",1234
place,76001,"Unadilla village, New York",673
place,76023,"Unadilla Forks CDP, New York",158
place,76089,"Uniondale CDP, New York",17019
place,76155,"Union Springs village, New York",852
place,76210,"Unionville village, New York",451
place,76280,"University at Buffalo CDP, New York",349
place,76287,"University Gardens CDP, New York",2434
place,76331,"Upper Brookville village, New York",1560
place,76386,"Upper Nyack village, New York",1515
place,76397,"Upper Red Hook CDP, New York",NA
place,76540,"Utica city, New York",32000
place,76584,"Vails Gate CDP, New York",2123
place,76617,"Valatie village, New York",1090
place,76639,"Valhalla CDP, New York",2032
place,76661,"Valley Cottage CDP, New York",6268
place,76672,"Valley Falls village, New York",374
place,76705,"Valley Stream village, New York",23236
place,76881,"Van Etten CDP, New York",385
place,76969,"Varna CDP, New York",510
place,76985,"Vassar College CDP, New York",446
place,77112,"Vernon village, New York",899
place,77167,"Verona CDP, New York",1353
place,77211,"Verplanck CDP, New York",597
place,77376,"Victor village, New York",2001
place,77431,"Victory village, New York",494
place,77513,"Village Green CDP, New York",2643
place,77519,"Village of the Branch village, New York",1222
place,77574,"Viola CDP, New York",3423
place,77585,"Virgil CDP, New York",NA
place,77684,"Voorheesville village, New York",1997
place,77728,"Waddington village, New York",622
place,77772,"Wading River CDP, New York",7353
place,77783,"Wadsworth CDP, New York",NA
place,77805,"Wainscott CDP, New York",NA
place,77849,"Walden village, New York",5448
place,77948,"Walker Valley CDP, New York",1553
place,78003,"Wallkill CDP, New York",1681
place,78036,"Walton village, New York",1784
place,78063,"Walton Park CDP, New York",2702
place,78091,"Walworth CDP, New York",832
place,78113,"Wampsville village, New York",403
place,78124,"Wanakah CDP, New York",NA
place,78146,"Wantagh CDP, New York",12475
place,78168,"Wappingers Falls village, New York",3747
place,78289,"Warrensburg CDP, New York",2691
place,78333,"Warsaw village, New York",1923
place,78355,"Warwick village, New York",4468
place,78421,"Washington Heights CDP, New York",1686
place,78454,"Washington Mills CDP, New York",1692
place,78465,"Washingtonville village, New York",4090
place,78476,"Wassaic CDP, New York",NA
place,78520,"Waterford village, New York",1549
place,78553,"Waterloo village, New York",3308
place,78575,"Water Mill CDP, New York",1793
place,78608,"Watertown city, New York",13790
place,78663,"Waterville village, New York",1167
place,78674,"Watervliet city, New York",7303
place,78696,"Watkins Glen village, New York",1235
place,78806,"Waverly village, New York",2879
place,78850,"Wayland village, New York",1094
place,78960,"Webster village, New York",4000
place,78982,"Websters Crossing CDP, New York",111
place,79015,"Weedsport village, New York",1378
place,79048,"Wells CDP, New York",455
place,79070,"Wells Bridge CDP, New York",NA
place,79081,"Wellsburg village, New York",305
place,79092,"Wellsville village, New York",2996
place,79174,"Wesley Hills village, New York",3314
place,79246,"West Babylon CDP, New York",29644
place,79301,"West Bay Shore CDP, New York",3194
place,79444,"Westbury village, New York",9294
place,79499,"West Carthage village, New York",1285
place,79543,"West Chazy CDP, New York",NA
place,79697,"West Danby CDP, New York",NA
place,79785,"West Elmira CDP, New York",3870
place,79796,"West End CDP, New York",1207
place,79895,"Westernville CDP, New York",115
place,79939,"Westfield village, New York",1685
place,79961,"Westford CDP, New York",NA
place,80082,"West Glens Falls CDP, New York",7461
place,80170,"Westhampton CDP, New York",2531
place,80181,"Westhampton Beach village, New York",1934
place,80186,"West Hampton Dunes village, New York",77
place,80203,"West Haverstraw village, New York",6580
place,80225,"West Hempstead CDP, New York",12146
place,80258,"West Hills CDP, New York",4278
place,80291,"West Hurley CDP, New York",1512
place,80302,"West Islip CDP, New York",19861
place,80324,"West Kill CDP, New York",66
place,80423,"Westmere CDP, New York",5183
place,80522,"Westmoreland CDP, New York",84
place,80599,"West Nyack CDP, New York",NA
place,80632,"Weston Mills CDP, New York",1056
place,80747,"West Point CDP, New York",2390
place,80764,"Westport CDP, New York",211
place,80863,"West Sand Lake CDP, New York",2249
place,80885,"West Sayville CDP, New York",3985
place,80907,"West Seneca CDP, New York",34103
place,81127,"Westvale CDP, New York",3711
place,81138,"West Valley CDP, New York",NA
place,81292,"West Winfield village, New York",662
place,81419,"Wheatley Heights CDP, New York",3083
place,81622,"Whitehall village, New York",1581
place,81644,"White Lake CDP (Oneida County), New York",NA
place,81655,"White Lake CDP (Sullivan County), New York",122
place,81677,"White Plains city, New York",34433
place,81710,"Whitesboro village, New York",2237
place,81831,"Whitney Point village, New York",725
place,82029,"Williamson CDP, New York",1564
place,82084,"Williamsville village, New York",4440
place,82117,"Williston Park village, New York",4796
place,82260,"Willsboro CDP, New York",514
place,82282,"Willsboro Point CDP, New York",618
place,82304,"Wilmington CDP, New York",698
place,82359,"Wilson village, New York",1100
place,82469,"Windham CDP, New York",164
place,82524,"Windsor village, New York",756
place,82579,"Wingdale CDP, New York",914
place,82612,"Winthrop CDP, New York",NA
place,82656,"Witherbee CDP, New York",100
place,82678,"Wolcott village, New York",911
place,82733,"Woodbourne CDP, New York",347
place,82744,"Woodbury CDP, New York",6038
place,82750,"Woodbury village, New York",7602
place,82942,"Woodmere CDP, New York",9706
place,82953,"Woodridge village, New York",320
place,82986,"Woodsburgh village, New York",NA
place,83041,"Woodstock CDP, New York",1917
place,83063,"Woodsville CDP, New York",79
place,83118,"Worcester CDP, New York",NA
place,83272,"Wurtsboro village, New York",857
place,83283,"Wurtsboro Hills CDP, New York",512
place,83349,"Wynantskill CDP, New York",3032
place,83371,"Wyoming village, New York",335
place,83426,"Yaphank CDP, New York",4977
place,84000,"Yonkers city, New York",99597
place,84011,"York CDP, New York",NA
place,84044,"Yorkshire CDP, New York",839
place,84088,"Yorktown Heights CDP, New York",1621
place,84099,"Yorkville village, New York",1763
place,84143,"Youngstown village, New York",1438
place,84187,"Zena CDP, New York",677
county,001,"Albany County, New York",205022
county,003,"Allegany County, New York",30297
county,005,"Bronx County, New York",278412
county,007,"Broome County, New York",128929
county,009,"Cattaraugus County, New York",52770
county,011,"Cayuga County, New York",53869
county,013,"Chautauqua County, New York",85181
county,015,"Chemung County, New York",57374
county,017,"Chenango County, New York",35649
county,019,"Clinton County, New York",56996
county,021,"Columbia County, New York",47505
county,023,"Cortland County, New York",32518
county,025,"Delaware County, New York",32492
county,027,"Dutchess County, New York",209600
county,029,"Erie County, New York",635362
county,031,"Essex County, New York",27806
county,033,"Franklin County, New York",32973
county,035,"Fulton County, New York",38751
county,037,"Genesee County, New York",43789
county,039,"Greene County, New York",33178
county,041,"Hamilton County, New York",3865
county,043,"Herkimer County, New York",43177
county,045,"Jefferson County, New York",75882
county,047,"Kings County, New York",562897
county,049,"Lewis County, New York",21622
county,051,"Livingston County, New York",45471
county,053,"Madison County, New York",47257
county,055,"Monroe County, New York",502541
county,057,"Montgomery County, New York",31709
county,059,"Nassau County, New York",876346
county,061,"New York County, New York",198561
county,063,"Niagara County, New York",151927
county,065,"Oneida County, New York",151706
county,067,"Onondaga County, New York",305776
county,069,"Ontario County, New York",84576
county,071,"Orange County, New York",252926
county,073,"Orleans County, New York",29565
county,075,"Oswego County, New York",84609
county,077,"Otsego County, New York",38989
county,079,"Putnam County, New York",73476
county,081,"Queens County, New York",773312
county,083,"Rensselaer County, New York",111227
county,085,"Richmond County, New York",254090
county,087,"Rockland County, New York",185531
county,089,"St. Lawrence County, New York",68258
county,091,"Saratoga County, New York",182817
county,093,"Schenectady County, New York",102386
county,095,"Schoharie County, New York",23157
county,097,"Schuyler County, New York",13996
county,099,"Seneca County, New York",23583
county,101,"Steuben County, New York",67674
county,103,"Suffolk County, New York",1059881
county,105,"Sullivan County, New York",51222
county,107,"Tioga County, New York",37487
county,109,"Tompkins County, New York",67711
county,111,"Ulster County, New York",130031
county,113,"Warren County, New York",51739
county,115,"Washington County, New York",43660
county,117,"Wayne County, New York",70463
county,119,"Westchester County, New York",578087
county,121,"Wyoming County, New York",28666
county,123,"Yates County, New York",15094
