county,zip,state,n
ALBANY,01201,MA,2
ALBANY,05701,VT,1
ALBANY,06032,CT,61
ALBANY,07114,NJ,2197
ALBANY,07677,NJ,1
ALBANY,08048,NJ,29
ALBANY,08054,NJ,6
ALBANY,08060,NJ,2
ALBANY,10029,NY,1
ALBANY,10032,NY,3
ALBANY,10033,NY,1
ALBANY,10304,NY,1
ALBANY,10306,NY,1
ALBANY,10308,NY,3
ALBANY,10309,NY,1
ALBANY,10312,NY,1
ALBANY,10460,NY,2
ALBANY,10461,NY,2
ALBANY,10475,NY,1
ALBANY,10522,NY,1
ALBANY,10560,NY,1
ALBANY,10591,NY,2
ALBANY,10950,NY,1
ALBANY,10968,NY,1
ALBANY,10970,NY,2
ALBANY,10984,NY,1
ALBANY,11001,NY,1
ALBANY,11003,NY,1
ALBANY,11040,NY,2
ALBANY,11102,NY,1
ALBANY,11202,NY,1
ALBANY,11203,NY,1
ALBANY,11204,NY,1
ALBANY,11207,NY,2
ALBANY,11210,NY,1
ALBANY,11220,NY,3
ALBANY,11223,NY,1
ALBANY,11229,NY,1
ALBANY,11236,NY,1
ALBANY,11289,NY,1
ALBANY,11364,NY,4
ALBANY,11366,NY,1
ALBANY,11372,NY,1
ALBANY,11412,NY,1
ALBANY,11414,NY,1
ALBANY,11422,NY,1
ALBANY,11432,NY,1
ALBANY,11510,NY,1
ALBANY,11516,NY,1
ALBANY,11545,NY,1
ALBANY,11559,NY,1
ALBANY,11580,NY,1
ALBANY,11590,NY,1
ALBANY,11691,NY,1
ALBANY,11714,NY,1
ALBANY,11717,NY,1
ALBANY,11723,NY,1
ALBANY,11726,NY,1
ALBANY,11730,NY,1
ALBANY,11735,NY,1
ALBANY,11740,NY,1
ALBANY,11741,NY,1
ALBANY,11746,NY,2
ALBANY,11772,NY,1
ALBANY,11946,NY,1
ALBANY,11961,NY,1
ALBANY,12002,NY,1
ALBANY,12007,NY,34
ALBANY,12008,NY,1
ALBANY,12009,NY,1425
ALBANY,12010,NY,1
ALBANY,12015,NY,4
ALBANY,12018,NY,6
ALBANY,12019,NY,4
ALBANY,12020,NY,3
ALBANY,12022,NY,1
ALBANY,12023,NY,309
ALBANY,12025,NY,1
ALBANY,12027,NY,1
ALBANY,12029,NY,1
ALBANY,12033,NY,10
ALBANY,12041,NY,77
ALBANY,12042,NY,1
ALBANY,12043,NY,2
ALBANY,12045,NY,86
ALBANY,12046,NY,94
ALBANY,12047,NY,3395
ALBANY,12052,NY,1
ALBANY,12053,NY,50
ALBANY,12054,NY,3008
ALBANY,12055,NY,2
ALBANY,12056,NY,7
ALBANY,12059,NY,264
ALBANY,12061,NY,15
ALBANY,12065,NY,18
ALBANY,12067,NY,220
ALBANY,12070,NY,1
ALBANY,12077,NY,1383
ALBANY,12083,NY,59
ALBANY,12084,NY,776
ALBANY,12085,NY,61
ALBANY,12086,NY,1
ALBANY,12087,NY,7
ALBANY,12090,NY,1
ALBANY,12093,NY,1
ALBANY,12094,NY,2
ALBANY,12106,NY,1
ALBANY,12107,NY,9
ALBANY,12110,NY,4731
ALBANY,12111,NY,1
ALBANY,12117,NY,1
ALBANY,12118,NY,4
ALBANY,12120,NY,89
ALBANY,12121,NY,1
ALBANY,12122,NY,16
ALBANY,12123,NY,4
ALBANY,12124,NY,1
ALBANY,12128,NY,13
ALBANY,12130,NY,1
ALBANY,12143,NY,718
ALBANY,12144,NY,23
ALBANY,12147,NY,106
ALBANY,12150,NY,2
ALBANY,12151,NY,1
ALBANY,12154,NY,1
ALBANY,12157,NY,2
ALBANY,12158,NY,1266
ALBANY,12159,NY,1799
ALBANY,12161,NY,26
ALBANY,12170,NY,1
ALBANY,12173,NY,1
ALBANY,12180,NY,31
ALBANY,12181,NY,1
ALBANY,12182,NY,8
ALBANY,12183,NY,487
ALBANY,12184,NY,3
ALBANY,12185,NY,3
ALBANY,12186,NY,1301
ALBANY,12188,NY,10
ALBANY,12189,NY,2397
ALBANY,12193,NY,373
ALBANY,12195,NY,1
ALBANY,12196,NY,2
ALBANY,12198,NY,10
ALBANY,12201,NY,394
ALBANY,12202,NY,541
ALBANY,12203,NY,3908
ALBANY,12204,NY,1196
ALBANY,12205,NU,1
ALBANY,12205,NY,5740
ALBANY,12206,NY,1285
ALBANY,12207,NY,767
ALBANY,12208,NY,2254
ALBANY,12209,NY,928
ALBANY,12210,NY,662
ALBANY,12211,NT,1
ALBANY,12211,NY,2435
ALBANY,12212,NY,70
ALBANY,12220,NY,50
ALBANY,12222,NY,43
ALBANY,12223,NY,28
ALBANY,12224,NY,8
ALBANY,12226,NY,220
ALBANY,12227,NY,1
ALBANY,12228,NY,61
ALBANY,12229,NY,88
ALBANY,12230,NY,3
ALBANY,12231,NY,17
ALBANY,12232,NY,141
ALBANY,12233,NY,71
ALBANY,12234,NY,2
ALBANY,12235,NY,22
ALBANY,12236,NY,2
ALBANY,12237,NY,8
ALBANY,12238,NY,14
ALBANY,12239,NY,14
ALBANY,12246,NY,6
ALBANY,12247,NY,3
ALBANY,12250,NY,2
ALBANY,12271,NY,1
ALBANY,12280,NY,1
ALBANY,12288,NY,1
ALBANY,12302,NY,6
ALBANY,12303,NY,771
ALBANY,12304,NY,234
ALBANY,12305,NY,1
ALBANY,12306,NY,62
ALBANY,12307,NY,5
ALBANY,12308,NY,1
ALBANY,12309,NY,353
ALBANY,12310,NY,1
ALBANY,12325,NY,1
ALBANY,12401,NY,4
ALBANY,12404,NY,1
ALBANY,12405,NY,1
ALBANY,12407,NY,1
ALBANY,12414,NY,1
ALBANY,12428,NY,1
ALBANY,12440,NY,1
ALBANY,12441,NY,1
ALBANY,12451,NY,1
ALBANY,12459,NY,2
ALBANY,12460,NY,6
ALBANY,12463,NY,1
ALBANY,12466,NY,1
ALBANY,12469,NY,97
ALBANY,12474,NY,1
ALBANY,12477,NY,1
ALBANY,12495,NY,1
ALBANY,12496,NY,1
ALBANY,12513,NY,1
ALBANY,12516,NY,1
ALBANY,12526,NY,1
ALBANY,12528,NY,1
ALBANY,12534,NY,1
ALBANY,12538,NY,1
ALBANY,12542,NY,1
ALBANY,12550,NY,4
ALBANY,12553,NY,1
ALBANY,12563,NY,1
ALBANY,12572,NY,1
ALBANY,12580,NY,1
ALBANY,12589,NY,1
ALBANY,12601,NY,3
ALBANY,12603,NY,1
ALBANY,12775,NY,1
ALBANY,12789,NY,1
ALBANY,12804,NY,4
ALBANY,12816,NY,1
ALBANY,12828,NY,1
ALBANY,12831,NY,2
ALBANY,12834,NY,2
ALBANY,12846,NY,1
ALBANY,12850,NY,1
ALBANY,12866,NY,4
ALBANY,12871,NY,1
ALBANY,12983,NY,1
ALBANY,12996,NY,1
ALBANY,13021,NY,2
ALBANY,13027,NY,2
ALBANY,13031,NY,1
ALBANY,13032,NY,1
ALBANY,13033,NY,1
ALBANY,13035,NY,1
ALBANY,13054,NY,1
ALBANY,13066,NY,1
ALBANY,13069,NY,1
ALBANY,13074,NY,1
ALBANY,13077,NY,1
ALBANY,13082,NY,1
ALBANY,13141,NY,1
ALBANY,13215,NY,1
ALBANY,13219,NY,1
ALBANY,13348,NY,1
ALBANY,13350,NY,1
ALBANY,13357,NY,1
ALBANY,13460,NY,1
ALBANY,13489,NY,1
ALBANY,13502,NY,1
ALBANY,13601,NY,1
ALBANY,13624,NY,1
ALBANY,13810,NY,1
ALBANY,13815,NY,1
ALBANY,13827,NY,1
ALBANY,13901,NY,1
ALBANY,13932,NY,1
ALBANY,14005,NY,1
ALBANY,14009,NY,1
ALBANY,14062,NY,1
ALBANY,14075,NY,2
ALBANY,14085,NY,1
ALBANY,14086,NY,1
ALBANY,14212,NY,1
ALBANY,14219,NY,1
ALBANY,14221,NY,2
ALBANY,14224,NY,1
ALBANY,14226,NY,1
ALBANY,14227,NY,1
ALBANY,14228,NY,3
ALBANY,14404,NY,1
ALBANY,14411,NY,1
ALBANY,14468,NY,1
ALBANY,14482,NY,1
ALBANY,14516,NY,1
ALBANY,14525,NY,1
ALBANY,14612,NY,2
ALBANY,14613,NY,1
ALBANY,14616,NY,1
ALBANY,14727,NY,1
ALBANY,14739,NY,1
ALBANY,14850,NY,1
ALBANY,14883,NY,1
ALBANY,14904,NY,1
ALBANY,19154,PA,1
ALBANY,19335,PA,1
ALBANY,21117,MD,26
ALBANY,21230,MD,1
ALBANY,23320,VA,1
ALBANY,30132,GA,1
ALBANY,30308,GA,6
ALBANY,31088,GA,1
ALBANY,33309,FL,2633
ALBANY,35242,AL,1
ALBANY,37923,TN,19
ALBANY,45226,OH,1
ALBANY,46037,IN,4
ALBANY,48126,MI,3
ALBANY,53718,WI,4
ALBANY,54956,WI,20
ALBANY,60015,IL,1
ALBANY,60016,IL,11
ALBANY,60048,IL,9
ALBANY,60069,IL,1
ALBANY,60143,IL,1
ALBANY,60173,IL,16
ALBANY,60196,IL,1
ALBANY,61710,IL,1
ALBANY,65801,MO,1
ALBANY,72403,AR,1
ALBANY,72917,AR,3
ALBANY,77034,TX,18
ALBANY,77842,TX,1
ALBANY,80021,CO,2
CATTARAUGUS,08054,NJ,1
CATTARAUGUS,10549,NY,1
CATTARAUGUS,11787,NY,1
CATTARAUGUS,12065,NY,2
CATTARAUGUS,12207,NY,48
CATTARAUGUS,12232,NY,9
CATTARAUGUS,12233,NY,19
CATTARAUGUS,13034,NY,1
CATTARAUGUS,14009,NY,52
CATTARAUGUS,14030,NY,17
CATTARAUGUS,14032,NY,1
CATTARAUGUS,14033,NY,1
CATTARAUGUS,14034,NY,1
CATTARAUGUS,14041,NY,12
CATTARAUGUS,14042,NY,445
CATTARAUGUS,14047,NY,1
CATTARAUGUS,14048,NY,4
CATTARAUGUS,14060,NY,68
CATTARAUGUS,14062,NY,1
CATTARAUGUS,14063,NY,1
CATTARAUGUS,14064,NY,1
CATTARAUGUS,14065,NY,214
CATTARAUGUS,14070,NY,450
CATTARAUGUS,14075,NY,1
CATTARAUGUS,14081,NY,33
CATTARAUGUS,14091,NY,2
CATTARAUGUS,14101,NY,189
CATTARAUGUS,14127,NY,2
CATTARAUGUS,14129,NY,209
CATTARAUGUS,14133,NY,10
CATTARAUGUS,14136,NY,3
CATTARAUGUS,14138,NY,164
CATTARAUGUS,14139,NY,1
CATTARAUGUS,14141,NY,48
CATTARAUGUS,14145,NY,1
CATTARAUGUS,14168,NY,33
CATTARAUGUS,14171,NY,266
CATTARAUGUS,14173,NY,63
CATTARAUGUS,14210,NY,297
CATTARAUGUS,14701,NY,2
CATTARAUGUS,14706,NY,980
CATTARAUGUS,14710,NY,1
CATTARAUGUS,14714,NY,1
CATTARAUGUS,14715,NY,2
CATTARAUGUS,14716,NY,1
CATTARAUGUS,14717,NY,1
CATTARAUGUS,14719,NY,412
CATTARAUGUS,14720,NY,1
CATTARAUGUS,14723,NY,1
CATTARAUGUS,14726,NY,90
CATTARAUGUS,14727,NY,77
CATTARAUGUS,14728,NY,1
CATTARAUGUS,14729,NY,149
CATTARAUGUS,14730,NY,1
CATTARAUGUS,14731,NY,321
CATTARAUGUS,14733,NY,2
CATTARAUGUS,14737,NY,430
CATTARAUGUS,14738,NY,18
CATTARAUGUS,14739,NY,1
CATTARAUGUS,14740,NY,1
CATTARAUGUS,14741,NY,263
CATTARAUGUS,14743,NY,238
CATTARAUGUS,14747,NY,16
CATTARAUGUS,14748,NY,87
CATTARAUGUS,14751,NY,2
CATTARAUGUS,14753,NY,108
CATTARAUGUS,14754,NY,2
CATTARAUGUS,14755,NY,393
CATTARAUGUS,14760,NY,2121
CATTARAUGUS,14766,NY,10
CATTARAUGUS,14770,NY,289
CATTARAUGUS,14772,NY,468
CATTARAUGUS,14775,NY,1
CATTARAUGUS,14777,NY,1
CATTARAUGUS,14778,NY,16
CATTARAUGUS,14779,NY,787
CATTARAUGUS,14782,NY,3
CATTARAUGUS,14783,NY,32
CATTARAUGUS,14788,NY,34
CATTARAUGUS,14799,NY,1
CATTARAUGUS,14846,NY,1
CATTARAUGUS,14850,NY,2
CATTARAUGUS,18055,PA,1
CATTARAUGUS,21117,MD,3
CATTARAUGUS,60173,IL,1
CATTARAUGUS,72712,AR,1
CAYUGA,08054,NJ,1
CAYUGA,10314,NY,1
CAYUGA,10989,NY,1
CAYUGA,11238,NY,1
CAYUGA,11692,NY,1
CAYUGA,11721,NY,1
CAYUGA,12144,NY,1
CAYUGA,12183,NY,1
CAYUGA,12207,NY,9
CAYUGA,12226,NY,11
CAYUGA,12232,NY,14
CAYUGA,12235,NY,2
CAYUGA,13021,NY,6108
CAYUGA,13026,NY,178
CAYUGA,13027,NY,11
CAYUGA,13031,NY,7
CAYUGA,13033,NY,476
CAYUGA,13034,NY,293
CAYUGA,13045,NY,13
CAYUGA,13054,NY,1
CAYUGA,13060,NY,7
CAYUGA,13064,NY,33
CAYUGA,13068,NY,1
CAYUGA,13071,NY,111
CAYUGA,13073,NY,14
CAYUGA,13074,NY,9
CAYUGA,13077,NY,2
CAYUGA,13080,NY,82
CAYUGA,13081,NY,141
CAYUGA,13085,NY,1
CAYUGA,13090,NY,2
CAYUGA,13092,NY,289
CAYUGA,13108,NY,5
CAYUGA,13110,NY,1
CAYUGA,13111,NY,144
CAYUGA,13112,NY,2
CAYUGA,13113,NY,15
CAYUGA,13117,NY,21
CAYUGA,13118,NY,881
CAYUGA,13126,NY,3
CAYUGA,13130,NY,1
CAYUGA,13135,NY,2
CAYUGA,13139,NY,4
CAYUGA,13140,NY,504
CAYUGA,13143,NY,40
CAYUGA,13146,NY,1
CAYUGA,13147,NY,170
CAYUGA,13148,NY,3
CAYUGA,13152,NY,51
CAYUGA,13153,NY,2
CAYUGA,13156,NY,275
CAYUGA,13160,NY,307
CAYUGA,13165,NY,4
CAYUGA,13166,NY,1007
CAYUGA,13188,NY,1
CAYUGA,13201,NY,5
CAYUGA,13207,NY,1
CAYUGA,13209,NY,1
CAYUGA,13304,NY,1
CAYUGA,13311,NY,1
CAYUGA,13318,NY,1
CAYUGA,13450,NY,1
CAYUGA,13461,NY,1
CAYUGA,13501,NY,1
CAYUGA,13619,NY,1
CAYUGA,14020,NY,1
CAYUGA,14420,NY,1
CAYUGA,14456,NY,1
CAYUGA,14516,NY,1
CAYUGA,14519,NY,1
CAYUGA,14521,NY,2
CAYUGA,14532,NY,2
CAYUGA,14568,NY,1
CAYUGA,14580,NY,1
CAYUGA,14590,NY,1
CAYUGA,14830,NY,1
CAYUGA,14850,NY,2
CAYUGA,14882,NY,5
CAYUGA,21117,MD,6
CAYUGA,27330,NC,1
CAYUGA,30009,GA,1
CAYUGA,48359,MI,1
CAYUGA,60015,IL,1
CAYUGA,60016,IL,2
CAYUGA,60173,IL,3
CAYUGA,63038,MO,1
CAYUGA,75062,TX,2
CAYUGA,84037,UT,1
CHENANGO,06614,CT,1
CHENANGO,06902,CT,2
CHENANGO,08054,NJ,1
CHENANGO,10464,NY,1
CHENANGO,11558,NY,1
CHENANGO,11561,NY,2
CHENANGO,11570,NY,1
CHENANGO,11590,NY,1
CHENANGO,11710,NY,2
CHENANGO,11732,NY,3
CHENANGO,11741,NY,1
CHENANGO,11762,NY,1
CHENANGO,11771,NY,1
CHENANGO,11801,NY,1
CHENANGO,12207,NY,2
CHENANGO,12232,NY,9
CHENANGO,12233,NY,3
CHENANGO,12235,NY,2
CHENANGO,12237,NY,1
CHENANGO,12406,NY,1
CHENANGO,12518,NY,1
CHENANGO,12992,NY,1
CHENANGO,13035,NY,1
CHENANGO,13040,NY,9
CHENANGO,13052,NY,20
CHENANGO,13072,NY,11
CHENANGO,13088,NY,1
CHENANGO,13115,NY,1
CHENANGO,13124,NY,13
CHENANGO,13126,NY,2
CHENANGO,13136,NY,34
CHENANGO,13155,NY,68
CHENANGO,13185,NY,1
CHENANGO,13203,NY,1
CHENANGO,13314,NY,1
CHENANGO,13326,NY,1
CHENANGO,13332,NY,190
CHENANGO,13335,NY,3
CHENANGO,13346,NY,1
CHENANGO,13406,NY,1
CHENANGO,13411,NY,304
CHENANGO,13460,NY,596
CHENANGO,13464,NY,139
CHENANGO,13480,NY,1
CHENANGO,13485,NY,5
CHENANGO,13492,NY,1
CHENANGO,13730,NY,311
CHENANGO,13733,NY,597
CHENANGO,13744,NY,2
CHENANGO,13746,NY,20
CHENANGO,13754,NY,1
CHENANGO,13758,NY,2
CHENANGO,13760,NY,2
CHENANGO,13770,NY,1
CHENANGO,13775,NY,1
CHENANGO,13776,NY,2
CHENANGO,13778,NY,712
CHENANGO,13780,NY,120
CHENANGO,13787,NY,13
CHENANGO,13788,NY,1
CHENANGO,13796,NY,1
CHENANGO,13801,NY,117
CHENANGO,13803,NY,1
CHENANGO,13808,NY,1
CHENANGO,13809,NY,215
CHENANGO,13813,NY,6
CHENANGO,13814,NY,20
CHENANGO,13815,NY,1647
CHENANGO,13820,NY,1
CHENANGO,13826,NY,1
CHENANGO,13830,NY,534
CHENANGO,13832,NY,55
CHENANGO,13838,NY,7
CHENANGO,13840,NY,2
CHENANGO,13841,NY,41
CHENANGO,13843,NY,164
CHENANGO,13844,NY,88
CHENANGO,13849,NY,1
CHENANGO,13850,NY,1
CHENANGO,13901,NY,2
CHENANGO,14075,NY,1
CHENANGO,14838,NY,1
CHENANGO,14845,NY,2
CHENANGO,14861,NY,1
CHENANGO,14871,NY,1
CHENANGO,14904,NY,1
CHENANGO,14905,NY,4
CHENANGO,21117,MD,2
CHENANGO,37072,TN,1
CHENANGO,38150,TN,1
CHENANGO,60016,IL,1
CHENANGO,60173,IL,1
CHENANGO,93950,CA,1
FULTON,08048,NJ,8
FULTON,10044,NY,1
FULTON,10541,NY,1
FULTON,10595,NY,1
FULTON,10981,NY,1
FULTON,11104,NY,1
FULTON,11378,NY,1
FULTON,12010,NY,427
FULTON,12018,NY,1
FULTON,12020,NY,3
FULTON,12025,NY,854
FULTON,12027,NY,2
FULTON,12032,NY,166
FULTON,12065,NY,2
FULTON,12068,NY,7
FULTON,12070,NY,42
FULTON,12072,NY,1
FULTON,12078,NY,2724
FULTON,12086,NY,22
FULTON,12089,NY,2
FULTON,12095,NY,1817
FULTON,12101,NY,1
FULTON,12117,NY,500
FULTON,12122,NY,1
FULTON,12134,NY,480
FULTON,12164,NY,1
FULTON,12177,NY,3
FULTON,12190,NY,1
FULTON,12198,NY,1
FULTON,12207,NY,1
FULTON,12226,NY,4
FULTON,12232,NY,31
FULTON,12233,NY,5
FULTON,12306,NY,1
FULTON,12561,NY,1
FULTON,12842,NY,1
FULTON,13069,NY,20
FULTON,13134,NY,1
FULTON,13166,NY,1
FULTON,13329,NY,84
FULTON,13339,NY,41
FULTON,13452,NY,190
FULTON,13470,NY,90
FULTON,13669,NY,1
FULTON,21117,MD,2
FULTON,30009,GA,2
FULTON,60016,IL,2
FULTON,60143,IL,1
FULTON,60173,IL,1
FULTON,75062,TX,4
MADISON,01105,MA,1
MADISON,08054,NJ,4
MADISON,10001,IL,1
MADISON,10001,NY,1
MADISON,10280,NY,1
MADISON,11514,NY,1
MADISON,11735,NY,1
MADISON,11788,NY,1
MADISON,12207,NY,1
MADISON,12232,NY,7
MADISON,12962,NY,4
MADISON,13021,NY,1
MADISON,13022,NY,1
MADISON,13030,NY,290
MADISON,13032,NY,1890
MADISON,13035,NY,1543
MADISON,13036,NY,1
MADISON,13037,NY,1633
MADISON,13039,NY,1
MADISON,13043,NY,2
MADISON,13051,NY,2
MADISON,13052,NY,229
MADISON,13054,NY,6
MADISON,13061,NY,181
MADISON,13063,NY,2
MADISON,13072,NY,94
MADISON,13082,NY,255
MADISON,13088,NY,1
MADISON,13090,NY,1
MADISON,13092,NY,1
MADISON,13104,NY,23
MADISON,13114,NY,1
MADISON,13122,NY,134
MADISON,13134,NY,8
MADISON,13162,NY,1
MADISON,13163,NY,99
MADISON,13206,NY,1
MADISON,13212,NY,1
MADISON,13214,NY,1
MADISON,13308,NY,2
MADISON,13310,NY,100
MADISON,13314,NY,42
MADISON,13315,NY,1
MADISON,13332,NY,134
MADISON,13334,NY,182
MADISON,13335,NY,1
MADISON,13345,NY,1
MADISON,13346,NY,667
MADISON,13355,NY,132
MADISON,13356,NY,1
MADISON,13364,NY,21
MADISON,13402,NY,193
MADISON,13403,NY,1
MADISON,13406,NY,2
MADISON,13408,NY,354
MADISON,13409,NY,364
MADISON,13411,NY,1
MADISON,13417,NY,1
MADISON,13418,NY,31
MADISON,13420,NY,1
MADISON,13421,NY,1454
MADISON,13425,NY,24
MADISON,13428,NY,1
MADISON,13440,NY,1
MADISON,13460,NY,6
MADISON,13461,NY,2
MADISON,13476,NY,1
MADISON,13478,NY,2
MADISON,13480,NY,8
MADISON,13484,NY,9
MADISON,13485,NY,106
MADISON,13491,NY,23
MADISON,13501,NY,1
MADISON,13505,NY,1
MADISON,13691,NY,1
MADISON,13746,NY,1
MADISON,13778,NY,1
MADISON,13801,NY,1
MADISON,13863,NY,1
MADISON,14217,NY,1
MADISON,14546,NY,1
MADISON,14559,NY,2
MADISON,14608,NY,1
MADISON,14609,NY,1
MADISON,14801,NY,1
MADISON,21117,MD,7
MADISON,22311,VA,1
MADISON,30009,GA,1
MADISON,37072,TN,1
MADISON,47546,IN,1
MADISON,60016,IL,4
MADISON,60173,IL,2
ONEIDA,01202,MA,1
ONEIDA,06032,CT,1
ONEIDA,07512,NJ,1
ONEIDA,08054,NJ,3
ONEIDA,10302,NY,1
ONEIDA,10461,NY,1
ONEIDA,10466,NY,1
ONEIDA,10469,NY,1
ONEIDA,10962,NY,1
ONEIDA,11207,NY,1
ONEIDA,11357,NY,1
ONEIDA,11368,NY,1
ONEIDA,11420,NY,1
ONEIDA,11718,NY,1
ONEIDA,12010,NY,3
ONEIDA,12043,NY,1
ONEIDA,12070,NY,1
ONEIDA,12078,NY,1
ONEIDA,12110,NY,1
ONEIDA,12116,NY,1
ONEIDA,12144,NY,2
ONEIDA,12183,NY,3
ONEIDA,12205,NY,1
ONEIDA,12207,NY,6
ONEIDA,12226,NY,35
ONEIDA,12229,NY,20
ONEIDA,12232,NY,80
ONEIDA,12233,NY,4
ONEIDA,12235,NY,1
ONEIDA,12457,NY,1
ONEIDA,12502,NY,1
ONEIDA,12569,NY,1
ONEIDA,12801,NY,1
ONEIDA,13029,NY,1
ONEIDA,13030,NY,1
ONEIDA,13031,NY,1
ONEIDA,13032,NY,26
ONEIDA,13035,NY,1
ONEIDA,13036,NY,1
ONEIDA,13039,NY,1
ONEIDA,13041,NY,3
ONEIDA,13042,NY,100
ONEIDA,13051,NY,2
ONEIDA,13052,NY,2
ONEIDA,13054,NY,234
ONEIDA,13063,NY,1
ONEIDA,13066,NY,5
ONEIDA,13077,NY,1
ONEIDA,13080,NY,1
ONEIDA,13082,NY,1
ONEIDA,13086,NY,1
ONEIDA,13088,NY,2
ONEIDA,13090,NY,2
ONEIDA,13104,NY,2
ONEIDA,13112,NY,1
ONEIDA,13123,NY,39
ONEIDA,13126,NY,1
ONEIDA,13131,NY,2
ONEIDA,13132,NY,1
ONEIDA,13148,NY,1
ONEIDA,13157,NY,130
ONEIDA,13158,NY,1
ONEIDA,13159,NY,1
ONEIDA,13162,NY,47
ONEIDA,13164,NY,1
ONEIDA,13165,NY,1
ONEIDA,13203,NY,1
ONEIDA,13204,NY,3
ONEIDA,13205,NY,1
ONEIDA,13207,NY,1
ONEIDA,13211,NY,1
ONEIDA,13212,NY,3
ONEIDA,13221,NY,1
ONEIDA,13224,NY,2
ONEIDA,13301,NY,38
ONEIDA,13303,NY,192
ONEIDA,13304,NY,321
ONEIDA,13308,NY,496
ONEIDA,13309,NY,837
ONEIDA,13312,NY,1
ONEIDA,13313,NY,54
ONEIDA,13315,NY,1
ONEIDA,13316,NY,864
ONEIDA,13317,NY,1
ONEIDA,13318,NY,185
ONEIDA,13319,NY,138
ONEIDA,13321,NY,135
ONEIDA,13322,NY,147
ONEIDA,13323,FL,1
ONEIDA,13323,NY,1985
ONEIDA,13324,NY,9
ONEIDA,13325,NY,2
ONEIDA,13326,NY,1
ONEIDA,13328,NY,219
ONEIDA,13329,NY,3
ONEIDA,13331,NY,1
ONEIDA,13335,NY,2
ONEIDA,13338,NY,203
ONEIDA,13340,NY,38
ONEIDA,13341,NY,5
ONEIDA,13343,NY,3
ONEIDA,13346,NY,5
ONEIDA,13350,NY,4
ONEIDA,13352,NY,20
ONEIDA,13354,NY,580
ONEIDA,13355,NY,2
ONEIDA,13357,NY,18
ONEIDA,13360,NY,1
ONEIDA,13361,NY,1
ONEIDA,13362,NY,1
ONEIDA,13363,NY,365
ONEIDA,13365,NY,12
ONEIDA,13367,NY,3
ONEIDA,13380,NY,1
ONEIDA,13400,NY,1
ONEIDA,13401,NY,8
ONEIDA,13402,NY,6
ONEIDA,13403,NY,1409
ONEIDA,13406,NY,4
ONEIDA,13407,NY,11
ONEIDA,13408,NY,2
ONEIDA,13409,NY,10
ONEIDA,13411,NY,1
ONEIDA,13413,NY,3322
ONEIDA,13414,NY,1
ONEIDA,13416,NY,6
ONEIDA,13417,NY,569
ONEIDA,13420,NY,6
ONEIDA,13421,NY,429
ONEIDA,13424,NY,443
ONEIDA,13425,NY,261
ONEIDA,13431,NY,40
ONEIDA,13433,NY,1
ONEIDA,13435,NY,40
ONEIDA,13438,NY,539
ONEIDA,13439,NY,3
ONEIDA,13440,NY,5839
ONEIDA,13441,NY,87
ONEIDA,13442,NY,54
ONEIDA,13455,NY,9
ONEIDA,13456,NY,795
ONEIDA,13457,NY,1
ONEIDA,13458,NY,1
ONEIDA,13459,NY,1
ONEIDA,13460,NY,4
ONEIDA,13461,NY,613
ONEIDA,13469,NY,154
ONEIDA,13471,NY,392
ONEIDA,13476,NY,547
ONEIDA,13477,NY,179
ONEIDA,13478,NY,472
ONEIDA,13479,NY,13
ONEIDA,13480,NY,528
ONEIDA,13483,NY,39
ONEIDA,13486,NY,146
ONEIDA,13489,NY,8
ONEIDA,13490,NY,258
ONEIDA,13491,NY,15
ONEIDA,13492,NY,2388
ONEIDA,13493,NY,1
ONEIDA,13494,NY,80
ONEIDA,13495,NY,579
ONEIDA,13501,NY,3681
ONEIDA,13502,NY,4174
ONEIDA,13503,NY,35
ONEIDA,13504,NY,19
ONEIDA,13505,NY,5
ONEIDA,13506,NY,1
ONEIDA,13667,NY,1
ONEIDA,13669,NY,1
ONEIDA,13746,NY,1
ONEIDA,13807,NY,1
ONEIDA,13815,NY,2
ONEIDA,13820,NY,1
ONEIDA,14203,NY,1
ONEIDA,14226,NY,1
ONEIDA,14438,NY,1
ONEIDA,14469,NY,1
ONEIDA,14504,NY,1
ONEIDA,14564,NY,1
ONEIDA,14607,NY,1
ONEIDA,14616,NY,1
ONEIDA,14750,NY,1
ONEIDA,15017,PA,1
ONEIDA,21117,MD,25
ONEIDA,28134,NC,1
ONEIDA,30009,GA,1
ONEIDA,35242,AL,3
ONEIDA,37027,TN,1
ONEIDA,46037,IN,2
ONEIDA,47546,IN,1
ONEIDA,53718,WI,7
ONEIDA,54956,WI,5
ONEIDA,60016,IL,10
ONEIDA,60173,IL,3
ONEIDA,72712,AR,1
ONEIDA,75062,TX,5
ONEIDA,92801,CA,1
OSWEGO,06032,CT,1
OSWEGO,07838,NJ,1
OSWEGO,08054,NJ,3
OSWEGO,10025,NY,1
OSWEGO,10308,NY,1
OSWEGO,10468,NY,1
OSWEGO,10543,NY,1
OSWEGO,10580,NY,1
OSWEGO,10583,NY,1
OSWEGO,10603,NY,2
OSWEGO,10701,NY,1
OSWEGO,10708,NY,1
OSWEGO,10801,NY,1
OSWEGO,10805,NY,1
OSWEGO,11003,NY,1
OSWEGO,11135,NY,1
OSWEGO,11421,NY,1
OSWEGO,11722,NY,1
OSWEGO,11803,NY,1
OSWEGO,12126,NY,1
OSWEGO,12155,NY,1
OSWEGO,12232,NY,14
OSWEGO,12233,NY,7
OSWEGO,12533,NY,1
OSWEGO,12916,NY,1
OSWEGO,13022,NY,1
OSWEGO,13026,NY,1
OSWEGO,13027,NY,7
OSWEGO,13028,NY,188
OSWEGO,13029,NY,24
OSWEGO,13030,NY,2
OSWEGO,13031,NY,1
OSWEGO,13033,NY,4
OSWEGO,13036,NY,1492
OSWEGO,13037,NY,1
OSWEGO,13039,NY,5
OSWEGO,13041,NY,2
OSWEGO,13042,NY,216
OSWEGO,13044,NY,442
OSWEGO,13057,NY,1
OSWEGO,13064,NY,2
OSWEGO,13068,NY,1
OSWEGO,13069,NY,3039
OSWEGO,13074,NY,515
OSWEGO,13076,NY,382
OSWEGO,13078,NY,2
OSWEGO,13083,NY,268
OSWEGO,13088,NY,2
OSWEGO,13089,NY,1
OSWEGO,13090,NY,2
OSWEGO,13093,NY,11
OSWEGO,13101,NY,1
OSWEGO,13103,NY,35
OSWEGO,13106,NY,1
OSWEGO,13111,NY,25
OSWEGO,13112,NY,3
OSWEGO,13114,NY,1047
OSWEGO,13115,NY,41
OSWEGO,13116,NY,1
OSWEGO,13121,NY,21
OSWEGO,13125,NY,2
OSWEGO,13126,NY,4401
OSWEGO,13128,NY,1
OSWEGO,13131,NY,538
OSWEGO,13132,NY,633
OSWEGO,13135,NY,898
OSWEGO,13136,NY,3
OSWEGO,13138,NY,1
OSWEGO,13142,NY,1031
OSWEGO,13143,NY,1
OSWEGO,13144,NY,140
OSWEGO,13145,NY,271
OSWEGO,13152,NY,2
OSWEGO,13156,NY,5
OSWEGO,13157,NY,1
OSWEGO,13160,NY,1
OSWEGO,13162,NY,1
OSWEGO,13167,NY,499
OSWEGO,13203,NY,1
OSWEGO,13206,NY,1
OSWEGO,13208,NY,1
OSWEGO,13209,NY,1
OSWEGO,13212,NY,2
OSWEGO,13215,NY,2
OSWEGO,13216,NY,2
OSWEGO,13302,NY,183
OSWEGO,13315,NY,2
OSWEGO,13316,NY,12
OSWEGO,13320,NY,2
OSWEGO,13326,NY,3
OSWEGO,13337,NY,1
OSWEGO,13348,NY,1
OSWEGO,13402,NY,1
OSWEGO,13409,NY,1
OSWEGO,13424,NY,1
OSWEGO,13426,NY,25
OSWEGO,13437,NY,85
OSWEGO,13439,NY,2
OSWEGO,13456,NY,1
OSWEGO,13483,NY,1
OSWEGO,13491,NY,1
OSWEGO,13493,NY,234
OSWEGO,13601,NY,1
OSWEGO,13606,NY,1
OSWEGO,13615,NY,1
OSWEGO,13640,NY,1
OSWEGO,13654,NY,1
OSWEGO,13656,NY,1
OSWEGO,13661,NY,2
OSWEGO,13681,NY,1
OSWEGO,13803,NY,1
OSWEGO,13808,NY,2
OSWEGO,13810,NY,1
OSWEGO,13815,NY,1
OSWEGO,13820,NY,5
OSWEGO,13827,NY,3
OSWEGO,13849,NY,1
OSWEGO,14411,NY,1
OSWEGO,14580,NY,1
OSWEGO,14837,NY,1
OSWEGO,14882,NY,4
OSWEGO,21104,MD,1
OSWEGO,21117,MD,15
OSWEGO,22408,VA,1
OSWEGO,28451,NC,1
OSWEGO,29526,SC,1
OSWEGO,34747,FL,1
OSWEGO,54956,WI,3
OSWEGO,60016,IL,1
OSWEGO,61710,IL,1
OSWEGO,65801,MO,4
OSWEGO,75062,TX,1
OSWEGO,78288,TX,1
OSWEGO,85310,AZ,1
SARATOGA,01730,MA,1
SARATOGA,01860,MA,1
SARATOGA,06032,CT,4
SARATOGA,08054,NJ,12
SARATOGA,10026,NY,1
SARATOGA,10577,NY,2
SARATOGA,10710,NY,1
SARATOGA,10980,NY,1
SARATOGA,11004,NY,1
SARATOGA,11230,NY,1
SARATOGA,11385,NY,1
SARATOGA,11545,NY,1
SARATOGA,11691,NY,1
SARATOGA,11797,NY,1
SARATOGA,11803,NY,1
SARATOGA,12008,NY,2
SARATOGA,12009,NY,1
SARATOGA,12010,NY,116
SARATOGA,12018,NY,4
SARATOGA,12019,NY,3394
SARATOGA,12020,NY,6851
SARATOGA,12025,NY,81
SARATOGA,12027,NY,758
SARATOGA,12032,NY,1
SARATOGA,12043,NY,1
SARATOGA,12046,NY,1
SARATOGA,12047,NY,5
SARATOGA,12054,NY,1
SARATOGA,12057,NY,1
SARATOGA,12058,NY,1
SARATOGA,12061,NY,2
SARATOGA,12065,NY,9070
SARATOGA,12066,NY,1
SARATOGA,12074,NY,500
SARATOGA,12075,NY,1
SARATOGA,12077,NY,5
SARATOGA,12078,NY,4
SARATOGA,12083,NY,1
SARATOGA,12086,NY,40
SARATOGA,12090,NY,1
SARATOGA,12095,NY,1
SARATOGA,12109,NY,1
SARATOGA,12110,NY,5
SARATOGA,12118,NY,3706
SARATOGA,12121,NY,1
SARATOGA,12122,NY,1
SARATOGA,12134,NY,164
SARATOGA,12143,NY,1
SARATOGA,12144,NY,3
SARATOGA,12145,NY,1
SARATOGA,12148,NY,1015
SARATOGA,12151,NY,230
SARATOGA,12154,NY,1
SARATOGA,12158,NY,2
SARATOGA,12159,NY,1
SARATOGA,12170,NY,957
SARATOGA,12180,NY,4
SARATOGA,12184,NY,1
SARATOGA,12185,NY,9
SARATOGA,12188,NY,2064
SARATOGA,12189,NY,7
SARATOGA,12190,NY,1
SARATOGA,12203,NY,4
SARATOGA,12205,NY,3
SARATOGA,12207,NY,37
SARATOGA,12211,NY,2
SARATOGA,12212,NY,1
SARATOGA,12232,NY,186
SARATOGA,12233,NY,27
SARATOGA,12301,NY,1
SARATOGA,12302,NY,86
SARATOGA,12303,NY,3
SARATOGA,12304,NY,1
SARATOGA,12305,NY,1
SARATOGA,12306,NY,1
SARATOGA,12309,NY,5
SARATOGA,12547,NY,6
SARATOGA,12566,NY,2
SARATOGA,12572,NY,1
SARATOGA,12601,NY,1
SARATOGA,12801,NY,9
SARATOGA,12803,NT,1
SARATOGA,12803,NY,1548
SARATOGA,12804,NY,21
SARATOGA,12809,NY,2
SARATOGA,12814,NY,1
SARATOGA,12817,NY,1
SARATOGA,12822,NY,963
SARATOGA,12827,NY,1
SARATOGA,12828,NY,338
SARATOGA,12830,NY,2
SARATOGA,12831,NY,3371
SARATOGA,12832,NY,1
SARATOGA,12833,NY,811
SARATOGA,12834,NY,10
SARATOGA,12835,NY,494
SARATOGA,12836,NY,1
SARATOGA,12839,NY,1
SARATOGA,12845,NY,2
SARATOGA,12846,NY,1
SARATOGA,12850,NY,523
SARATOGA,12852,NY,1
SARATOGA,12859,NY,343
SARATOGA,12861,NY,1
SARATOGA,12863,NY,141
SARATOGA,12866,NY,7733
SARATOGA,12869,NY,1
SARATOGA,12870,NY,1
SARATOGA,12871,NY,601
SARATOGA,12878,NY,1
SARATOGA,12882,NY,1
SARATOGA,12884,NY,56
SARATOGA,12885,NY,1
SARATOGA,12886,NY,5
SARATOGA,12901,NY,1
SARATOGA,12960,NY,1
SARATOGA,12965,NY,1
SARATOGA,12966,NY,2
SARATOGA,12975,NY,1
SARATOGA,12983,NY,1
SARATOGA,12996,NY,1
SARATOGA,13110,NY,1
SARATOGA,13452,NY,1
SARATOGA,13459,NY,2
SARATOGA,13662,NY,1
SARATOGA,14225,NY,1
SARATOGA,14803,NY,1
SARATOGA,20187,VA,1
SARATOGA,21060,MD,1
SARATOGA,21117,MD,39
SARATOGA,21152,MD,1
SARATOGA,27604,NC,1
SARATOGA,28451,NC,1
SARATOGA,30009,GA,2
SARATOGA,34243,FL,1
SARATOGA,34286,FL,1
SARATOGA,37922,TN,1
SARATOGA,47402,IN,1
SARATOGA,48359,MI,4
SARATOGA,53718,WI,3
SARATOGA,54956,WI,11
SARATOGA,54957,WI,1
SARATOGA,59336,MT,1
SARATOGA,60015,IL,4
SARATOGA,60016,IL,25
SARATOGA,60143,IL,1
SARATOGA,60173,IL,14
SARATOGA,60185,IL,1
SARATOGA,60523,IL,1
SARATOGA,61710,IL,2
SARATOGA,61761,IL,3
SARATOGA,65801,MO,2
SARATOGA,75062,TX,1
SARATOGA,75165,TX,2
SARATOGA,76103,TX,1
SARATOGA,78288,TX,1
SARATOGA,80123,CO,1
SARATOGA,90501,CA,1
SARATOGA,91436,CA,1
SARATOGA,95070,CA,1
SARATOGA,99999,CT,1
ST LAWRENCE,10003,NY,1
ST LAWRENCE,10304,NY,1
ST LAWRENCE,10310,NY,2
ST LAWRENCE,10314,NY,1
ST LAWRENCE,10471,NY,1
ST LAWRENCE,10512,NY,1
ST LAWRENCE,10541,NY,1
ST LAWRENCE,10543,NY,1
ST LAWRENCE,10552,NY,1
ST LAWRENCE,10567,NY,1
ST LAWRENCE,10573,NY,1
ST LAWRENCE,10583,NY,1
ST LAWRENCE,10595,NY,1
ST LAWRENCE,10605,NY,1
ST LAWRENCE,10710,NY,1
ST LAWRENCE,10803,NY,1
ST LAWRENCE,10941,NY,1
ST LAWRENCE,11050,NY,1
ST LAWRENCE,11096,NY,1
ST LAWRENCE,11104,NY,1
ST LAWRENCE,11209,NY,1
ST LAWRENCE,11215,NY,1
ST LAWRENCE,11218,NY,1
ST LAWRENCE,11372,NY,1
ST LAWRENCE,11412,NY,1
ST LAWRENCE,11413,NY,1
ST LAWRENCE,11414,NY,1
ST LAWRENCE,11420,NY,1
ST LAWRENCE,11421,NY,1
ST LAWRENCE,11559,NY,5
ST LAWRENCE,11561,NY,2
ST LAWRENCE,11580,NY,2
ST LAWRENCE,11581,NY,1
ST LAWRENCE,11659,NY,1
ST LAWRENCE,11713,NY,1
ST LAWRENCE,11714,NY,1
ST LAWRENCE,11725,NY,1
ST LAWRENCE,11731,NY,1
ST LAWRENCE,11746,NY,1
ST LAWRENCE,11766,NY,1
ST LAWRENCE,11772,NY,1
ST LAWRENCE,11803,NY,1
ST LAWRENCE,11954,NY,1
ST LAWRENCE,12065,NY,1
ST LAWRENCE,12110,NY,1
ST LAWRENCE,12147,NY,6
ST LAWRENCE,12183,NY,1
ST LAWRENCE,12226,NY,12
ST LAWRENCE,12229,NY,22
ST LAWRENCE,12232,NY,11
ST LAWRENCE,12233,NY,9
ST LAWRENCE,12234,NY,2
ST LAWRENCE,12235,NY,3
ST LAWRENCE,12237,NY,1
ST LAWRENCE,12302,NY,1
ST LAWRENCE,12390,NY,1
ST LAWRENCE,12440,NY,1
ST LAWRENCE,12913,NY,1
ST LAWRENCE,12914,NY,1
ST LAWRENCE,12916,NY,9
ST LAWRENCE,12922,NY,17
ST LAWRENCE,12926,NY,3
ST LAWRENCE,12927,NY,50
ST LAWRENCE,12930,NY,3
ST LAWRENCE,12934,NY,1
ST LAWRENCE,12937,NY,4
ST LAWRENCE,12945,NY,1
ST LAWRENCE,12946,NY,2
ST LAWRENCE,12949,NY,1
ST LAWRENCE,12953,NY,10
ST LAWRENCE,12957,NY,2
ST LAWRENCE,12962,NY,1
ST LAWRENCE,12965,NY,93
ST LAWRENCE,12967,NY,148
ST LAWRENCE,12973,NY,34
ST LAWRENCE,12980,NY,12
ST LAWRENCE,12983,NY,1
ST LAWRENCE,12986,NY,17
ST LAWRENCE,12992,NY,1
ST LAWRENCE,12996,NY,1
ST LAWRENCE,13027,NY,1
ST LAWRENCE,13044,NY,1
ST LAWRENCE,13053,NY,1
ST LAWRENCE,13057,NY,1
ST LAWRENCE,13063,NY,1
ST LAWRENCE,13069,NY,1
ST LAWRENCE,13142,NY,2
ST LAWRENCE,13204,NY,2
ST LAWRENCE,13214,NY,3
ST LAWRENCE,13215,NY,1
ST LAWRENCE,13305,NY,1
ST LAWRENCE,13350,NY,1
ST LAWRENCE,13362,NY,3
ST LAWRENCE,13365,NY,1
ST LAWRENCE,13367,NY,2
ST LAWRENCE,13436,NY,1
ST LAWRENCE,13542,NY,1
ST LAWRENCE,13601,NY,7
ST LAWRENCE,13605,NY,3
ST LAWRENCE,13607,NY,6
ST LAWRENCE,13608,NY,12
ST LAWRENCE,13612,NY,1
ST LAWRENCE,13613,NY,408
ST LAWRENCE,13614,NY,30
ST LAWRENCE,13617,NY,1336
ST LAWRENCE,13619,NY,3
ST LAWRENCE,13620,NY,1
ST LAWRENCE,13621,NY,90
ST LAWRENCE,13622,NY,4
ST LAWRENCE,13623,NY,6
ST LAWRENCE,13624,NY,2
ST LAWRENCE,13625,NY,395
ST LAWRENCE,13626,NY,1
ST LAWRENCE,13630,NY,174
ST LAWRENCE,13632,NY,1
ST LAWRENCE,13633,NY,33
ST LAWRENCE,13634,NY,1
ST LAWRENCE,13635,NY,134
ST LAWRENCE,13637,NY,1
ST LAWRENCE,13639,NY,36
ST LAWRENCE,13641,NY,1
ST LAWRENCE,13642,NY,1143
ST LAWRENCE,13645,NY,10
ST LAWRENCE,13646,NY,305
ST LAWRENCE,13647,NY,72
ST LAWRENCE,13648,NY,106
ST LAWRENCE,13649,NY,13
ST LAWRENCE,13650,NY,1
ST LAWRENCE,13652,NY,225
ST LAWRENCE,13654,NY,292
ST LAWRENCE,13655,NY,62
ST LAWRENCE,13656,NY,5
ST LAWRENCE,13658,NY,403
ST LAWRENCE,13660,NY,293
ST LAWRENCE,13661,NY,2
ST LAWRENCE,13662,NY,2600
ST LAWRENCE,13663,NY,1
ST LAWRENCE,13664,NY,107
ST LAWRENCE,13666,NY,24
ST LAWRENCE,13667,NY,436
ST LAWRENCE,13668,NY,471
ST LAWRENCE,13669,NY,1845
ST LAWRENCE,13670,NY,48
ST LAWRENCE,13672,NY,126
ST LAWRENCE,13673,NY,3
ST LAWRENCE,13676,NY,1518
ST LAWRENCE,13677,NY,5
ST LAWRENCE,13678,NY,20
ST LAWRENCE,13679,NY,17
ST LAWRENCE,13680,NY,129
ST LAWRENCE,13681,NY,102
ST LAWRENCE,13683,NY,15
ST LAWRENCE,13684,NY,173
ST LAWRENCE,13687,NY,85
ST LAWRENCE,13688,NY,1
ST LAWRENCE,13690,NY,110
ST LAWRENCE,13691,NY,1
ST LAWRENCE,13694,NY,328
ST LAWRENCE,13695,NY,22
ST LAWRENCE,13696,NY,22
ST LAWRENCE,13697,NY,313
ST LAWRENCE,13796,NY,1
ST LAWRENCE,14225,NY,1
ST LAWRENCE,14564,NY,2
ST LAWRENCE,14623,NY,1
ST LAWRENCE,14821,NY,1
ST LAWRENCE,21117,MD,3
ST LAWRENCE,33955,FL,1
ST LAWRENCE,34222,FL,1
ST LAWRENCE,37072,TN,1
ST LAWRENCE,53718,WI,4
ST LAWRENCE,60016,IL,1
ST LAWRENCE,60173,IL,2
ST LAWRENCE,95038,CA,1
TOMPKINS,10306,NY,1
TOMPKINS,10502,NY,1
TOMPKINS,10514,NY,1
TOMPKINS,10570,NY,1
TOMPKINS,10580,NY,1
TOMPKINS,11203,NY,1
TOMPKINS,11217,NY,1
TOMPKINS,12065,NY,4
TOMPKINS,12144,NY,2
TOMPKINS,12207,NY,20
TOMPKINS,12232,NY,4
TOMPKINS,12235,NY,2
TOMPKINS,12401,NY,1
TOMPKINS,12449,NY,166
TOMPKINS,13021,NY,3
TOMPKINS,13045,NY,29
TOMPKINS,13053,NY,569
TOMPKINS,13062,NY,14
TOMPKINS,13068,ND,1
TOMPKINS,13068,NY,694
TOMPKINS,13069,NY,2
TOMPKINS,13071,NY,1
TOMPKINS,13073,NY,778
TOMPKINS,13077,NY,4
TOMPKINS,13088,NY,2
TOMPKINS,13092,NY,26
TOMPKINS,13102,NY,18
TOMPKINS,13112,NY,1
TOMPKINS,13118,NY,2
TOMPKINS,13141,NY,1
TOMPKINS,13501,NY,1
TOMPKINS,13703,NY,2
TOMPKINS,13733,NY,1
TOMPKINS,13736,NY,11
TOMPKINS,13738,NY,1
TOMPKINS,13743,NY,1
TOMPKINS,13752,NY,1
TOMPKINS,13803,NY,1
TOMPKINS,13835,NY,1
TOMPKINS,13862,NY,1
TOMPKINS,13864,NY,16
TOMPKINS,13901,NY,1
TOMPKINS,14424,NY,1
TOMPKINS,14450,NY,1
TOMPKINS,14521,NY,1
TOMPKINS,14568,NY,1
TOMPKINS,14580,NY,7
TOMPKINS,14805,NY,1
TOMPKINS,14814,NY,1
TOMPKINS,14817,NY,288
TOMPKINS,14822,NY,1
TOMPKINS,14830,NY,1
TOMPKINS,14841,NY,1
TOMPKINS,14845,NY,2
TOMPKINS,14847,NY,1
TOMPKINS,14850,NT,1
TOMPKINS,14850,NY,5685
TOMPKINS,14851,NY,34
TOMPKINS,14852,NY,107
TOMPKINS,14853,NY,233
TOMPKINS,14854,NY,8
TOMPKINS,14863,NY,1
TOMPKINS,14866,NY,2
TOMPKINS,14867,NY,649
TOMPKINS,14881,NY,34
TOMPKINS,14882,NY,555
TOMPKINS,14883,NY,73
TOMPKINS,14885,NY,1
TOMPKINS,14886,NY,749
TOMPKINS,14896,NY,2
TOMPKINS,14903,NY,1
TOMPKINS,20018,DC,1
TOMPKINS,21117,MD,1
TOMPKINS,48359,MI,1
TOMPKINS,60173,IL,5
TOMPKINS,65801,MO,1
TOMPKINS,75062,TX,1
WARREN,05359,VT,2
WARREN,05758,VT,1
WARREN,06756,CT,1
WARREN,07423,NJ,1
WARREN,07451,NJ,1
WARREN,07458,NJ,1
WARREN,07827,NJ,1
WARREN,08048,NJ,1
WARREN,08054,NJ,1
WARREN,08865,NJ,1
WARREN,10308,NY,1
WARREN,10504,NY,1
WARREN,10512,NY,1
WARREN,10514,NY,1
WARREN,10583,NY,1
WARREN,11357,NY,1
WARREN,11501,NY,1
WARREN,11545,NY,1
WARREN,11570,NY,1
WARREN,11694,NY,1
WARREN,11766,NY,1
WARREN,11952,NY,1
WARREN,12001,NY,1
WARREN,12020,NY,2
WARREN,12054,NY,1
WARREN,12084,NY,2
WARREN,12094,NY,1
WARREN,12110,NY,1
WARREN,12134,NY,1
WARREN,12170,NY,1
WARREN,12180,NY,2
WARREN,12184,NY,1
WARREN,12189,NY,1
WARREN,12198,NY,1
WARREN,12205,NY,1
WARREN,12206,NY,1
WARREN,12210,NY,1
WARREN,12211,NY,1
WARREN,12232,NY,14
WARREN,12233,NY,6
WARREN,12304,NY,1
WARREN,12309,NY,1
WARREN,12408,NY,1
WARREN,12422,NY,1
WARREN,12460,NY,1
WARREN,12485,NY,1
WARREN,12533,NY,1
WARREN,12583,NY,2
WARREN,12801,NY,2030
WARREN,12803,NY,27
WARREN,12804,NY,5467
WARREN,12807,NY,1
WARREN,12808,NY,81
WARREN,12809,NY,1
WARREN,12810,NY,107
WARREN,12811,NY,32
WARREN,12812,NY,1
WARREN,12814,NY,357
WARREN,12815,NY,199
WARREN,12816,NY,2
WARREN,12817,NY,478
WARREN,12820,NY,35
WARREN,12822,NY,4
WARREN,12824,NY,211
WARREN,12827,NY,7
WARREN,12828,NY,8
WARREN,12831,NY,5
WARREN,12832,NY,1
WARREN,12835,NY,12
WARREN,12836,NY,88
WARREN,12837,NY,1
WARREN,12839,NY,8
WARREN,12841,NY,2
WARREN,12842,NY,3
WARREN,12843,NY,93
WARREN,12844,NY,56
WARREN,12845,NY,1056
WARREN,12846,NY,524
WARREN,12850,NY,1
WARREN,12851,NY,2
WARREN,12853,NY,237
WARREN,12855,NY,1
WARREN,12856,NY,43
WARREN,12857,NY,2
WARREN,12859,NY,1
WARREN,12860,NY,105
WARREN,12862,NY,26
WARREN,12866,NY,2
WARREN,12870,NY,6
WARREN,12871,NY,2
WARREN,12874,NY,24
WARREN,12878,NY,110
WARREN,12883,NY,2
WARREN,12885,NY,714
WARREN,12886,NY,39
WARREN,12887,NY,4
WARREN,12928,NY,2
WARREN,12953,NY,1
WARREN,12961,NY,1
WARREN,12983,NY,1
WARREN,12986,NY,1
WARREN,13452,NY,1
WARREN,19034,PA,2
WARREN,21060,MD,1
WARREN,21117,MD,5
WARREN,30009,GA,1
WARREN,32667,FL,1
WARREN,34202,FL,1
WARREN,34212,FL,1
WARREN,34237,FL,1
WARREN,34787,FL,1
WARREN,60016,IL,7
WARREN,60143,IL,2
WARREN,75205,TX,1
WARREN,85268,AZ,1
WARREN,95694,CA,1
WESTCHESTER,05054,NJ,1
WESTCHESTER,06032,CT,12
WESTCHESTER,06103,CT,2
WESTCHESTER,06340,CT,1
WESTCHESTER,06402,CT,1
WESTCHESTER,06511,CT,1
WESTCHESTER,06604,CT,1
WESTCHESTER,06801,CT,9
WESTCHESTER,06804,CT,1
WESTCHESTER,06830,CT,1
WESTCHESTER,06831,CT,2
WESTCHESTER,06850,CT,6
WESTCHESTER,06901,CT,1
WESTCHESTER,06903,CT,1
WESTCHESTER,07306,NJ,1
WESTCHESTER,07631,NJ,1
WESTCHESTER,07950,NJ,1
WESTCHESTER,08048,NJ,2
WESTCHESTER,08054,NJ,8
WESTCHESTER,10001,NY,1
WESTCHESTER,10002,NY,1
WESTCHESTER,10003,NY,1
WESTCHESTER,10004,NY,1
WESTCHESTER,10010,NY,3
WESTCHESTER,10011,NY,1
WESTCHESTER,10013,NY,2
WESTCHESTER,10016,NY,1
WESTCHESTER,10019,NY,1
WESTCHESTER,10021,NY,5
WESTCHESTER,10022,NY,5
WESTCHESTER,10023,NY,4
WESTCHESTER,10024,NY,6
WESTCHESTER,10025,NY,4
WESTCHESTER,10028,NY,3
WESTCHESTER,10030,NY,2
WESTCHESTER,10031,NY,1
WESTCHESTER,10032,NY,1
WESTCHESTER,10034,NY,2
WESTCHESTER,10035,NY,1
WESTCHESTER,10038,NY,1
WESTCHESTER,10039,NY,2
WESTCHESTER,10040,NY,3
WESTCHESTER,10065,NY,1
WESTCHESTER,10075,NY,1
WESTCHESTER,10104,NY,1
WESTCHESTER,10128,NY,2
WESTCHESTER,10158,NY,1
WESTCHESTER,10168,NY,1
WESTCHESTER,10170,NY,4
WESTCHESTER,10171,NY,1
WESTCHESTER,10185,NY,1
WESTCHESTER,10282,NY,1
WESTCHESTER,10301,NY,2
WESTCHESTER,10302,NY,1
WESTCHESTER,10305,NY,1
WESTCHESTER,10306,NY,3
WESTCHESTER,10307,NY,1
WESTCHESTER,10308,NY,3
WESTCHESTER,10309,NY,1
WESTCHESTER,10312,NY,1
WESTCHESTER,10314,NY,2
WESTCHESTER,10350,NY,1
WESTCHESTER,10375,NY,1
WESTCHESTER,10451,NY,2
WESTCHESTER,10452,NY,3
WESTCHESTER,10453,NY,8
WESTCHESTER,10454,NY,2
WESTCHESTER,10456,NY,4
WESTCHESTER,10457,NY,3
WESTCHESTER,10458,NY,5
WESTCHESTER,10459,NY,3
WESTCHESTER,10460,NY,2
WESTCHESTER,10461,NY,13
WESTCHESTER,10462,NY,9
WESTCHESTER,10463,NY,20
WESTCHESTER,10465,NY,17
WESTCHESTER,10466,NY,6
WESTCHESTER,10467,NY,8
WESTCHESTER,10468,NY,5
WESTCHESTER,10469,NY,8
WESTCHESTER,10470,NY,5
WESTCHESTER,10471,NY,10
WESTCHESTER,10472,NY,3
WESTCHESTER,10473,NY,12
WESTCHESTER,10475,NY,5
WESTCHESTER,10500,NY,1
WESTCHESTER,10501,NY,301
WESTCHESTER,10502,NY,1376
WESTCHESTER,10503,NY,29
WESTCHESTER,10504,NY,2695
WESTCHESTER,10505,NY,338
WESTCHESTER,10506,NY,1666
WESTCHESTER,10507,NY,1102
WESTCHESTER,10508,NY,7
WESTCHESTER,10509,NY,53
WESTCHESTER,10510,NY,2401
WESTCHESTER,10511,NY,369
WESTCHESTER,10512,NY,56
WESTCHESTER,10513,NY,1
WESTCHESTER,10514,NY,3298
WESTCHESTER,10516,NY,10
WESTCHESTER,10517,NY,126
WESTCHESTER,10518,NY,352
WESTCHESTER,10519,NY,62
WESTCHESTER,10520,NY,2103
WESTCHESTER,10521,NY,4
WESTCHESTER,10522,NY,2225
WESTCHESTER,10523,NY,1899
WESTCHESTER,10524,NY,21
WESTCHESTER,10525,NY,2
WESTCHESTER,10526,NY,482
WESTCHESTER,10527,NY,205
WESTCHESTER,10528,NY,2731
WESTCHESTER,10530,NY,2532
WESTCHESTER,10531,NY,1
WESTCHESTER,10532,NY,1371
WESTCHESTER,10533,NY,1746
WESTCHESTER,10535,NY,103
WESTCHESTER,10536,NY,2392
WESTCHESTER,10537,NY,31
WESTCHESTER,10538,NY,3832
WESTCHESTER,10539,NY,2
WESTCHESTER,10540,NY,68
WESTCHESTER,10541,NY,259
WESTCHESTER,10542,NY,2
WESTCHESTER,10543,NY,3726
WESTCHESTER,10545,NY,19
WESTCHESTER,10546,NY,339
WESTCHESTER,10547,NY,1318
WESTCHESTER,10548,NY,487
WESTCHESTER,10549,NJ,1
WESTCHESTER,10549,NY,3366
WESTCHESTER,10550,NY,2352
WESTCHESTER,10551,NY,10
WESTCHESTER,10552,NT,1
WESTCHESTER,10552,NY,2353
WESTCHESTER,10552,OH,1
WESTCHESTER,10553,NY,851
WESTCHESTER,10560,NY,1016
WESTCHESTER,10561,NY,1
WESTCHESTER,10562,NY,4397
WESTCHESTER,10563,NY,1
WESTCHESTER,10566,NY,2710
WESTCHESTER,10567,NY,3739
WESTCHESTER,10567,RI,1
WESTCHESTER,10568,NY,1
WESTCHESTER,10570,NY,2571
WESTCHESTER,10571,NY,1
WESTCHESTER,10572,NY,1
WESTCHESTER,10573,NY,5930
WESTCHESTER,10576,NY,1276
WESTCHESTER,10577,NY,1035
WESTCHESTER,10578,NY,142
WESTCHESTER,10579,NY,39
WESTCHESTER,10580,NY,4274
WESTCHESTER,10582,NY,1
WESTCHESTER,10583,NY,10101
WESTCHESTER,10586,NY,1
WESTCHESTER,10587,NY,31
WESTCHESTER,10588,NY,518
WESTCHESTER,10589,NY,2027
WESTCHESTER,10590,NY,1329
WESTCHESTER,10591,NY,3679
WESTCHESTER,10593,NY,1
WESTCHESTER,10594,NY,1225
WESTCHESTER,10595,NY,1493
WESTCHESTER,10596,NY,201
WESTCHESTER,10597,NY,244
WESTCHESTER,10598,NY,6395
WESTCHESTER,10601,NY,2224
WESTCHESTER,10602,NY,26
WESTCHESTER,10603,NY,2864
WESTCHESTER,10604,NY,2666
WESTCHESTER,10605,NY,3849
WESTCHESTER,10606,NY,2364
WESTCHESTER,10607,NY,1674
WESTCHESTER,10608,NY,1
WESTCHESTER,10627,NY,1
WESTCHESTER,10636,NY,1
WESTCHESTER,10652,NY,1
WESTCHESTER,10667,NY,1
WESTCHESTER,10670,NY,1
WESTCHESTER,10673,NY,1
WESTCHESTER,10695,NY,1
WESTCHESTER,10698,NY,1
WESTCHESTER,10701,NY,5656
WESTCHESTER,10702,NY,19
WESTCHESTER,10703,NY,2700
WESTCHESTER,10704,NY,4386
WESTCHESTER,10705,NY,2887
WESTCHESTER,10706,NY,1501
WESTCHESTER,10707,NY,1868
WESTCHESTER,10708,NY,4061
WESTCHESTER,10709,NY,2367
WESTCHESTER,10710,NY,4701
WESTCHESTER,10717,NY,1
WESTCHESTER,10718,NY,1
WESTCHESTER,10774,NY,1
WESTCHESTER,10797,NY,1
WESTCHESTER,10800,NY,1
WESTCHESTER,10801,NT,1
WESTCHESTER,10801,NY,5555
WESTCHESTER,10802,NY,16
WESTCHESTER,10803,NY,2423
WESTCHESTER,10804,NT,1
WESTCHESTER,10804,NY,3628
WESTCHESTER,10805,NY,2453
WESTCHESTER,10806,NY,1
WESTCHESTER,10807,NY,1
WESTCHESTER,10810,NY,2
WESTCHESTER,10853,NY,2
WESTCHESTER,10901,NY,10
WESTCHESTER,10913,NY,2
WESTCHESTER,10915,NY,1
WESTCHESTER,10918,NY,2
WESTCHESTER,10920,NY,7
WESTCHESTER,10923,NY,3
WESTCHESTER,10925,NY,1
WESTCHESTER,10927,NY,7
WESTCHESTER,10928,NY,3
WESTCHESTER,10930,NY,3
WESTCHESTER,10940,NY,17
WESTCHESTER,10941,NY,5
WESTCHESTER,10950,NY,16
WESTCHESTER,10951,NY,4
WESTCHESTER,10952,NY,10
WESTCHESTER,10954,NY,19
WESTCHESTER,10955,NY,1
WESTCHESTER,10956,NY,20
WESTCHESTER,10959,NY,1
WESTCHESTER,10960,NY,11
WESTCHESTER,10962,NY,4
WESTCHESTER,10964,NY,3
WESTCHESTER,10965,NY,10
WESTCHESTER,10968,NY,2
WESTCHESTER,10970,NY,3
WESTCHESTER,10973,NY,1
WESTCHESTER,10974,NY,1
WESTCHESTER,10975,NY,1
WESTCHESTER,10977,NY,11
WESTCHESTER,10980,NY,11
WESTCHESTER,10983,NY,7
WESTCHESTER,10987,NY,1
WESTCHESTER,10989,NY,9
WESTCHESTER,10990,NY,2
WESTCHESTER,10992,NY,1
WESTCHESTER,10993,NY,4
WESTCHESTER,10994,NY,14
WESTCHESTER,10996,NY,1
WESTCHESTER,10997,NY,1
WESTCHESTER,11001,NY,3
WESTCHESTER,11003,NY,1
WESTCHESTER,11021,NY,1
WESTCHESTER,11023,NY,1
WESTCHESTER,11030,NY,4
WESTCHESTER,11040,NY,6
WESTCHESTER,11050,NY,2
WESTCHESTER,11101,NY,1
WESTCHESTER,11102,NY,1
WESTCHESTER,11103,NY,1
WESTCHESTER,11105,NY,1
WESTCHESTER,11201,NY,3
WESTCHESTER,11203,NY,1
WESTCHESTER,11205,NY,1
WESTCHESTER,11207,NY,2
WESTCHESTER,11208,NY,2
WESTCHESTER,11212,NY,1
WESTCHESTER,11219,NY,2
WESTCHESTER,11222,NY,1
WESTCHESTER,11225,NY,1
WESTCHESTER,11228,NY,2
WESTCHESTER,11231,NY,1
WESTCHESTER,11234,NY,3
WESTCHESTER,11235,NY,2
WESTCHESTER,11239,NY,1
WESTCHESTER,11356,NY,1
WESTCHESTER,11357,NY,5
WESTCHESTER,11358,NY,2
WESTCHESTER,11360,NY,1
WESTCHESTER,11361,NY,2
WESTCHESTER,11362,NY,1
WESTCHESTER,11364,NY,1
WESTCHESTER,11365,NY,3
WESTCHESTER,11367,NY,2
WESTCHESTER,11368,NY,2
WESTCHESTER,11369,NY,1
WESTCHESTER,11373,NY,1
WESTCHESTER,11375,NY,3
WESTCHESTER,11377,NY,4
WESTCHESTER,11378,NY,3
WESTCHESTER,11385,NY,6
WESTCHESTER,11412,NY,1
WESTCHESTER,11413,NY,1
WESTCHESTER,11414,NY,2
WESTCHESTER,11415,NY,1
WESTCHESTER,11416,NY,1
WESTCHESTER,11418,NY,1
WESTCHESTER,11420,NY,1
WESTCHESTER,11423,NY,2
WESTCHESTER,11432,NY,1
WESTCHESTER,11434,NY,2
WESTCHESTER,11435,NY,2
WESTCHESTER,11501,NY,1
WESTCHESTER,11507,NY,1
WESTCHESTER,11510,NY,1
WESTCHESTER,11520,NY,1
WESTCHESTER,11523,NY,1
WESTCHESTER,11542,NY,2
WESTCHESTER,11545,NY,1
WESTCHESTER,11552,NY,1
WESTCHESTER,11554,NY,2
WESTCHESTER,11557,NY,1
WESTCHESTER,11558,NY,1
WESTCHESTER,11561,NY,2
WESTCHESTER,11563,NY,1
WESTCHESTER,11565,NY,1
WESTCHESTER,11566,NY,1
WESTCHESTER,11570,NY,2
WESTCHESTER,11572,NY,1
WESTCHESTER,11575,NY,1
WESTCHESTER,11577,NY,2
WESTCHESTER,11580,NY,1
WESTCHESTER,11581,NY,1
WESTCHESTER,11590,NY,4
WESTCHESTER,11598,NY,4
WESTCHESTER,11694,NY,1
WESTCHESTER,11702,NY,2
WESTCHESTER,11704,NY,4
WESTCHESTER,11710,NY,2
WESTCHESTER,11714,NY,1
WESTCHESTER,11717,NY,2
WESTCHESTER,11721,NY,1
WESTCHESTER,11725,NY,1
WESTCHESTER,11726,NY,1
WESTCHESTER,11730,NY,1
WESTCHESTER,11731,NY,1
WESTCHESTER,11743,NY,1
WESTCHESTER,11746,NY,3
WESTCHESTER,11752,NY,1
WESTCHESTER,11756,NY,3
WESTCHESTER,11757,NY,2
WESTCHESTER,11758,NY,2
WESTCHESTER,11763,NY,1
WESTCHESTER,11766,NY,1
WESTCHESTER,11768,NY,2
WESTCHESTER,11771,NY,2
WESTCHESTER,11772,NY,1
WESTCHESTER,11776,NY,1
WESTCHESTER,11780,NY,2
WESTCHESTER,11783,NY,2
WESTCHESTER,11787,NY,3
WESTCHESTER,11793,NY,2
WESTCHESTER,11797,NY,2
WESTCHESTER,11801,NY,1
WESTCHESTER,11803,NY,7
WESTCHESTER,11804,NY,1
WESTCHESTER,11901,NY,2
WESTCHESTER,11937,NY,2
WESTCHESTER,11941,NY,1
WESTCHESTER,11946,NY,2
WESTCHESTER,11964,NY,1
WESTCHESTER,11965,NY,1
WESTCHESTER,11967,NY,1
WESTCHESTER,11968,NY,2
WESTCHESTER,12015,NY,1
WESTCHESTER,12046,NY,1
WESTCHESTER,12078,NY,1
WESTCHESTER,12093,NY,1
WESTCHESTER,12110,NY,1
WESTCHESTER,12144,NY,1
WESTCHESTER,12175,NY,1
WESTCHESTER,12180,NY,1
WESTCHESTER,12183,NY,2
WESTCHESTER,12194,NY,1
WESTCHESTER,12201,NY,1
WESTCHESTER,12206,NY,1
WESTCHESTER,12207,NY,10
WESTCHESTER,12210,NY,1
WESTCHESTER,12226,NY,17
WESTCHESTER,12232,NY,10
WESTCHESTER,12235,NY,2
WESTCHESTER,12237,NY,1
WESTCHESTER,12302,NY,1
WESTCHESTER,12306,NY,1
WESTCHESTER,12402,NY,1
WESTCHESTER,12409,NY,1
WESTCHESTER,12442,NY,1
WESTCHESTER,12455,NY,2
WESTCHESTER,12464,NY,1
WESTCHESTER,12496,NY,1
WESTCHESTER,12501,NY,1
WESTCHESTER,12508,NY,3
WESTCHESTER,12514,NY,1
WESTCHESTER,12518,NY,3
WESTCHESTER,12520,NY,2
WESTCHESTER,12522,NY,1
WESTCHESTER,12524,NY,8
WESTCHESTER,12531,NY,1
WESTCHESTER,12533,NY,23
WESTCHESTER,12534,NY,1
WESTCHESTER,12538,NY,2
WESTCHESTER,12540,NY,4
WESTCHESTER,12545,NY,1
WESTCHESTER,12546,NY,1
WESTCHESTER,12550,NY,8
WESTCHESTER,12553,NY,3
WESTCHESTER,12560,NY,1
WESTCHESTER,12561,NY,1
WESTCHESTER,12563,NY,8
WESTCHESTER,12564,NY,1
WESTCHESTER,12567,NY,2
WESTCHESTER,12569,NY,5
WESTCHESTER,12575,NY,2
WESTCHESTER,12582,NY,3
WESTCHESTER,12585,NY,1
WESTCHESTER,12589,NY,1
WESTCHESTER,12590,NY,13
WESTCHESTER,12601,NY,12
WESTCHESTER,12602,NY,3
WESTCHESTER,12603,NY,9
WESTCHESTER,12721,NY,1
WESTCHESTER,12742,NY,3
WESTCHESTER,12749,NY,1
WESTCHESTER,12758,NY,2
WESTCHESTER,12799,NY,1
WESTCHESTER,12801,NY,1
WESTCHESTER,12839,NY,1
WESTCHESTER,12901,NY,1
WESTCHESTER,12992,NY,1
WESTCHESTER,13027,NY,1
WESTCHESTER,13039,NY,1
WESTCHESTER,13045,NY,3
WESTCHESTER,13320,NY,1
WESTCHESTER,13431,NY,1
WESTCHESTER,13440,NY,2
WESTCHESTER,13601,NY,1
WESTCHESTER,13622,NY,1
WESTCHESTER,13740,NY,1
WESTCHESTER,13753,NY,1
WESTCHESTER,13760,NY,1
WESTCHESTER,13850,NY,1
WESTCHESTER,13902,NY,1
WESTCHESTER,14215,NY,1
WESTCHESTER,14514,NY,1
WESTCHESTER,14580,NY,1
WESTCHESTER,14589,NY,1
WESTCHESTER,14606,NY,1
WESTCHESTER,14611,NY,1
WESTCHESTER,14615,NY,2
WESTCHESTER,14616,NY,1
WESTCHESTER,14620,NY,2
WESTCHESTER,14623,NY,1
WESTCHESTER,14626,NY,2
WESTCHESTER,14820,NY,1
WESTCHESTER,14850,NY,1
WESTCHESTER,15017,PA,1
WESTCHESTER,18426,PA,1
WESTCHESTER,19104,PA,1
WESTCHESTER,21117,MD,87
WESTCHESTER,28117,NC,3
WESTCHESTER,29575,SC,1
WESTCHESTER,29715,SC,1
WESTCHESTER,29928,SC,1
WESTCHESTER,30009,GA,7
WESTCHESTER,30308,GA,3
WESTCHESTER,32233,FL,1
WESTCHESTER,32819,FL,1
WESTCHESTER,33446,FL,1
WESTCHESTER,34956,WI,1
WESTCHESTER,35242,AL,41
WESTCHESTER,46037,IN,1
WESTCHESTER,47546,IN,6
WESTCHESTER,48126,MI,4
WESTCHESTER,48359,MI,1
WESTCHESTER,53227,WI,1
WESTCHESTER,54956,WI,11
WESTCHESTER,54957,WI,1
WESTCHESTER,60015,IL,15
WESTCHESTER,60016,IL,61
WESTCHESTER,60048,IL,2
WESTCHESTER,60143,IL,6
WESTCHESTER,60173,IL,35
WESTCHESTER,60185,IL,1
WESTCHESTER,61701,IL,1
WESTCHESTER,61710,IL,2
WESTCHESTER,61761,IL,2
WESTCHESTER,63144,MO,4
WESTCHESTER,80304,CO,1
WESTCHESTER,91301,CA,1
WESTCHESTER,99999,CT,1
WESTCHESTER,99999,NJ,1
