text,url
Schedule of sales tax distribution to localities for 2026,https://www.tax.ny.gov/research/stats/statistics/sales_tax/reports/schedule-of-sales-tax-distribution/schedule-of-sales-tax-distribution-to-localities-2026.xlsx
"Schedule of payments for sales tax reporting, collection and distribution for 2026",https://www.tax.ny.gov/research/stats/statistics/sales_tax/reports/schedule-of-payments/sched-of-payments-2026.xlsx
Schedule of sales tax distribution to localities for 2025,https://www.tax.ny.gov/research/stats/statistics/sales_tax/reports/schedule-of-sales-tax-distribution/schedule-of-sales-tax-distribution-to-localities-2025.xlsx
"Schedule of payments for sales tax reporting, collection and distribution for 2025",https://www.tax.ny.gov/research/stats/statistics/sales_tax/reports/schedule-of-payments/sched-of-payments-2025.xlsx
August 2026: early,https://www.tax.ny.gov/research/stats/statistics/sales_tax/reports/AS001/as001-2026-08-1938.xlsx
July 2026: final,https://www.tax.ny.gov/research/stats/statistics/sales_tax/reports/AS001/as001-2026-07-1937.xlsx
July 2026: early,https://www.tax.ny.gov/research/stats/statistics/sales_tax/reports/AS001/as001-2026-07-1936.xlsx
June 2026: final,https://www.tax.ny.gov/research/stats/statistics/sales_tax/reports/AS001/as001-2026-06-1935.xlsx
June 2026: second early,https://www.tax.ny.gov/research/stats/statistics/sales_tax/reports/AS001/as001-2026-06-1934.xlsx
June 2026: early,https://www.tax.ny.gov/research/stats/statistics/sales_tax/reports/AS001/as001-2026-06-1933.xlsx
May 2026: final,https://www.tax.ny.gov/research/stats/statistics/sales_tax/reports/AS001/as001-2026-05-1932.xlsx
May 2026: early,https://www.tax.ny.gov/research/stats/statistics/sales_tax/reports/AS001/as001-2026-05-1931.xlsx
April 2026: final,https://www.tax.ny.gov/research/stats/statistics/sales_tax/reports/AS001/as001-2026-04-1930.xlsx
April 2026: early,https://www.tax.ny.gov/research/stats/statistics/sales_tax/reports/AS001/as001-2026-04-1929.xlsx
March 2026: final,https://www.tax.ny.gov/research/stats/statistics/sales_tax/reports/AS001/as001-2026-03-1928.xlsx
March 2026: early,https://www.tax.ny.gov/research/stats/statistics/sales_tax/reports/AS001/as001-2026-03-1927.xlsx
February 2026: final,https://www.tax.ny.gov/research/stats/statistics/sales_tax/reports/AS001/as001-2026-02-1926.xlsx
February 2026: early,https://www.tax.ny.gov/research/stats/statistics/sales_tax/reports/AS001/as001-2026-02-1925.xlsx
January 2026: final,https://www.tax.ny.gov/research/stats/statistics/sales_tax/reports/AS001/as001-2026-01-1924.xlsx
January 2026: early,https://www.tax.ny.gov/research/stats/statistics/sales_tax/reports/AS001/as001-2026-01-1923.xlsx
December 2025: final,https://www.tax.ny.gov/research/stats/statistics/sales_tax/reports/AS001/as001-2025-12-1922.xlsx
December 2025: second early,https://www.tax.ny.gov/research/stats/statistics/sales_tax/reports/AS001/as001-2025-12-1921.xlsx
December 2025: early,https://www.tax.ny.gov/research/stats/statistics/sales_tax/reports/AS001/as001-2025-12-1920.xlsx
November 2025: final,https://www.tax.ny.gov/research/stats/statistics/sales_tax/reports/AS001/as001-2025-11-1919.xlsx
November 2025: early,https://www.tax.ny.gov/research/stats/statistics/sales_tax/reports/AS001/as001-2025-11-1918.xlsx
October 2025: final,https://www.tax.ny.gov/research/stats/statistics/sales_tax/reports/AS001/as001-2025-10-1917.xlsx
October 2025: early,https://www.tax.ny.gov/research/stats/statistics/sales_tax/reports/AS001/as001-2025-10-1916.xlsx
September 2025: final,https://www.tax.ny.gov/research/stats/statistics/sales_tax/reports/AS001/as001-2025-09-1915.xlsx
September 2025: early,https://www.tax.ny.gov/research/stats/statistics/sales_tax/reports/AS001/as001-2025-09-1914.xlsx
August 2025: final,https://www.tax.ny.gov/research/stats/statistics/sales_tax/reports/AS001/as001-2025-08-1913.xlsx
August 2025: early,https://www.tax.ny.gov/research/stats/statistics/sales_tax/reports/AS001/as001-2025-08-1912.xlsx
July 2025: final,https://www.tax.ny.gov/research/stats/statistics/sales_tax/reports/AS001/as001-2025-07-1911.xlsx
July 2025: early,https://www.tax.ny.gov/research/stats/statistics/sales_tax/reports/AS001/as001-2025-07-1910.xlsx
June 2025: final,https://www.tax.ny.gov/research/stats/statistics/sales_tax/reports/AS001/as001-2025-06-1909.xlsx
June 2025: second early,https://www.tax.ny.gov/research/stats/statistics/sales_tax/reports/AS001/as001-2025-06-1908.xlsx
June 2025: early,https://www.tax.ny.gov/research/stats/statistics/sales_tax/reports/AS001/as001-2025-06-1907.xlsx
May 2025: final,https://www.tax.ny.gov/research/stats/statistics/sales_tax/reports/AS001/as001-2025-05-1906.xlsx
May 2025: early,https://www.tax.ny.gov/research/stats/statistics/sales_tax/reports/AS001/as001-2025-05-1905.xlsx
April 2025: final,https://www.tax.ny.gov/research/stats/statistics/sales_tax/reports/AS001/as001-2025-04-1904.xlsx
April 2025: early,https://www.tax.ny.gov/research/stats/statistics/sales_tax/reports/AS001/as001-2025-04-1903.xlsx
March 2025: final,https://www.tax.ny.gov/research/stats/statistics/sales_tax/reports/AS001/as001-2025-03-1902.xlsx
March 2025: early,https://www.tax.ny.gov/research/stats/statistics/sales_tax/reports/AS001/as001-2025-03-1901.xlsx
February 2025: final,https://www.tax.ny.gov/research/stats/statistics/sales_tax/reports/AS001/as001-2025-02-1900.xlsx
February 2025: early,https://www.tax.ny.gov/research/stats/statistics/sales_tax/reports/AS001/as001-2025-02-1899.xlsx
January 2025: final,https://www.tax.ny.gov/research/stats/statistics/sales_tax/reports/AS001/as001-2025-01-1898.xlsx
January 2025: early,https://www.tax.ny.gov/research/stats/statistics/sales_tax/reports/AS001/as001-2025-01-1897.xlsx
December 2024: final,https://www.tax.ny.gov/research/stats/statistics/sales_tax/reports/AS001/as001-2024-12-1896.xlsx
December 2024: second early,https://www.tax.ny.gov/research/stats/statistics/sales_tax/reports/AS001/as001-2024-12-1895.xlsx
December 2024: early,https://www.tax.ny.gov/research/stats/statistics/sales_tax/reports/AS001/as001-2024-12-1894.xlsx
November 2024: final,https://www.tax.ny.gov/research/stats/statistics/sales_tax/reports/AS001/as001-2024-11-1893.xlsx
November 2024: early,https://www.tax.ny.gov/research/stats/statistics/sales_tax/reports/AS001/as001-2024-11-1892.xlsx
October 2024: final,https://www.tax.ny.gov/research/stats/statistics/sales_tax/reports/AS001/as001-2024-10-1891.xlsx
October 2024: early,https://www.tax.ny.gov/research/stats/statistics/sales_tax/reports/AS001/as001-2024-10-1890.xlsx
September 2024: final,https://www.tax.ny.gov/research/stats/statistics/sales_tax/reports/AS001/as001-2024-09-1889.xlsx
September 2024: early,https://www.tax.ny.gov/research/stats/statistics/sales_tax/reports/AS001/as001-2024-09-1888.xlsx
August 2024: final,https://www.tax.ny.gov/research/stats/statistics/sales_tax/reports/AS001/as001-2024-08-1887.xlsx
August 2024: early,https://www.tax.ny.gov/research/stats/statistics/sales_tax/reports/AS001/as001-2024-08-1886.xlsx
July 2024: final,https://www.tax.ny.gov/research/stats/statistics/sales_tax/reports/AS001/as001-2024-07-1885.xlsx
July 2024: early,https://www.tax.ny.gov/research/stats/statistics/sales_tax/reports/AS001/as001-2024-07-1884.xlsx
June 2024: final,https://www.tax.ny.gov/research/stats/statistics/sales_tax/reports/AS001/as001-2024-06-1883.xlsx
June 2024: second early,https://www.tax.ny.gov/research/stats/statistics/sales_tax/reports/AS001/as001-2024-06-1882.xlsx
June 2024: early,https://www.tax.ny.gov/research/stats/statistics/sales_tax/reports/AS001/as001-2024-06-1881.xlsx
May 2024: final,https://www.tax.ny.gov/research/stats/statistics/sales_tax/reports/AS001/as001-2024-05-1880.xlsx
May 2024: early,https://www.tax.ny.gov/research/stats/statistics/sales_tax/reports/AS001/as001-2024-05-1879.xlsx
April 2024: final,https://www.tax.ny.gov/research/stats/statistics/sales_tax/reports/AS001/as001-2024-04-1878.xlsx
April 2024: early,https://www.tax.ny.gov/research/stats/statistics/sales_tax/reports/AS001/as001-2024-04-1877.xlsx
March 2024: final,https://www.tax.ny.gov/research/stats/statistics/sales_tax/reports/AS001/as001-2024-03-1876.xlsx
March 2024: early,https://www.tax.ny.gov/research/stats/statistics/sales_tax/reports/AS001/as001-2024-03-1875.xlsx
February 2024: final,https://www.tax.ny.gov/research/stats/statistics/sales_tax/reports/AS001/as001-2024-02-1874.xlsx
February 2024: early,https://www.tax.ny.gov/research/stats/statistics/sales_tax/reports/AS001/as001-2024-02-1873.xlsx
January 2024: final,https://www.tax.ny.gov/research/stats/statistics/sales_tax/reports/AS001/as001-2024-01-1872.xlsx
January 2024: early,https://www.tax.ny.gov/research/stats/statistics/sales_tax/reports/AS001/as001-2024-01-1871.xlsx
December 2023: final,https://www.tax.ny.gov/research/stats/statistics/sales_tax/reports/AS001/as001-2023-12-1870.xlsx
December 2023: second early,https://www.tax.ny.gov/research/stats/statistics/sales_tax/reports/AS001/as001-2023-12-1869.xlsx
December 2023: first early,https://www.tax.ny.gov/research/stats/statistics/sales_tax/reports/AS001/as001-2023-12-1868.xlsx
November 2023: final,https://www.tax.ny.gov/research/stats/statistics/sales_tax/reports/AS001/as001-2023-11-1867.xlsx
November 2023: early,https://www.tax.ny.gov/research/stats/statistics/sales_tax/reports/AS001/as001-2023-11-1866.xlsx
October 2023: final,https://www.tax.ny.gov/research/stats/statistics/sales_tax/reports/AS001/as001-2023-10-1865.xlsx
October 2023: early,https://www.tax.ny.gov/research/stats/statistics/sales_tax/reports/AS001/as001-2023-10-1864.xlsx
September 2023: final,https://www.tax.ny.gov/research/stats/statistics/sales_tax/reports/AS001/as001-2023-09-1863.xlsx
September 2023: early,https://www.tax.ny.gov/research/stats/statistics/sales_tax/reports/AS001/as001-2023-09-1862.xlsx
August 2023: final,https://www.tax.ny.gov/research/stats/statistics/sales_tax/reports/AS001/as001-2023-08-1861.xlsx
August 2023: early,https://www.tax.ny.gov/research/stats/statistics/sales_tax/reports/AS001/as001-2023-08-1860.xlsx
July 2023: final,https://www.tax.ny.gov/research/stats/statistics/sales_tax/reports/AS001/as001-2023-07-1859.xlsx
July 2023: early,https://www.tax.ny.gov/research/stats/statistics/sales_tax/reports/AS001/as001-2023-07-1858.xlsx
June 2023: final,https://www.tax.ny.gov/research/stats/statistics/sales_tax/reports/AS001/as001-2023-06-1857.xlsx
June 2023: second early,https://www.tax.ny.gov/research/stats/statistics/sales_tax/reports/AS001/as001-2023-06-1856.xlsx
June 2023: first early,https://www.tax.ny.gov/research/stats/statistics/sales_tax/reports/AS001/as001-2023-06-1855.xlsx
May 2023: final,https://www.tax.ny.gov/research/stats/statistics/sales_tax/reports/AS001/as001-2023-05-1854.xlsx
May 2023: early,https://www.tax.ny.gov/research/stats/statistics/sales_tax/reports/AS001/as001-2023-05-1853.xlsx
April 2023: final,https://www.tax.ny.gov/research/stats/statistics/sales_tax/reports/AS001/as001-2023-04-1852.xlsx
April 2023: early,https://www.tax.ny.gov/research/stats/statistics/sales_tax/reports/AS001/as001-2023-04-1851.xlsx
March 2023: final,https://www.tax.ny.gov/research/stats/statistics/sales_tax/reports/AS001/as001-2023-03-1850.xlsx
March 2023: early,https://www.tax.ny.gov/research/stats/statistics/sales_tax/reports/AS001/as001-2023-03-1849.xlsx
February 2023: final,https://www.tax.ny.gov/research/stats/statistics/sales_tax/reports/AS001/as001-2023-02-1848.xlsx
February 2023: early,https://www.tax.ny.gov/research/stats/statistics/sales_tax/reports/AS001/as001-2023-02-1847.xlsx
January 2023: final,https://www.tax.ny.gov/research/stats/statistics/sales_tax/reports/AS001/as001-2023-01-1846.xlsx
January 2023: early,https://www.tax.ny.gov/research/stats/statistics/sales_tax/reports/AS001/as001-2023-01-1845.xlsx
December 2022: final,https://www.tax.ny.gov/research/stats/statistics/sales_tax/reports/AS001/as001-2022-12-1844.xlsx
December 2022: second early,https://www.tax.ny.gov/research/stats/statistics/sales_tax/reports/AS001/as001-2022-12-1843.xlsx
December 2022: early,https://www.tax.ny.gov/research/stats/statistics/sales_tax/reports/AS001/as001-2022-12-1842.xlsx
November 2022: final,https://www.tax.ny.gov/research/stats/statistics/sales_tax/reports/AS001/as001-2022-11-1841.xlsx
November 2022: early,https://www.tax.ny.gov/research/stats/statistics/sales_tax/reports/AS001/as001-2022-11-1840.xlsx
October 2022: final,https://www.tax.ny.gov/research/stats/statistics/sales_tax/reports/AS001/as001-2022-10-1839.xlsx
October 2022: early,https://www.tax.ny.gov/research/stats/statistics/sales_tax/reports/AS001/as001-2022-10-1838.xlsx
September 2022: final,https://www.tax.ny.gov/research/stats/statistics/sales_tax/reports/AS001/as001-2022-09-1837.xlsx
September 2022: early,https://www.tax.ny.gov/research/stats/statistics/sales_tax/reports/AS001/as001-2022-09-1836.xlsx
August 2022: final,https://www.tax.ny.gov/research/stats/statistics/sales_tax/reports/AS001/as001-2022-08-1835.xlsx
August 2022: early,https://www.tax.ny.gov/research/stats/statistics/sales_tax/reports/AS001/as001-2022-08-1834.xlsx
July 2022: final,https://www.tax.ny.gov/research/stats/statistics/sales_tax/reports/AS001/as001-2022-07-1833.xlsx
July 2022: early,https://www.tax.ny.gov/research/stats/statistics/sales_tax/reports/AS001/as001-2022-07-1832.xlsx
June 2022: final,https://www.tax.ny.gov/research/stats/statistics/sales_tax/reports/AS001/as001-2022-06-1831.xlsx
June 2022: second early,https://www.tax.ny.gov/research/stats/statistics/sales_tax/reports/AS001/as001-2022-06-1830.xlsx
June 2022: first early,https://www.tax.ny.gov/research/stats/statistics/sales_tax/reports/AS001/as001-2022-06-1829.xlsx
May 2022: final,https://www.tax.ny.gov/research/stats/statistics/sales_tax/reports/AS001/as001-2022-05-1828.xlsx
May 2022: early,https://www.tax.ny.gov/research/stats/statistics/sales_tax/reports/AS001/as001-2022-05-1827.xlsx
April 2022: final,https://www.tax.ny.gov/research/stats/statistics/sales_tax/reports/AS001/as001-2022-04-1826.xlsx
April 2022: early,https://www.tax.ny.gov/research/stats/statistics/sales_tax/reports/AS001/as001-2022-03-1825.xlsx
March 2022: final,https://www.tax.ny.gov/research/stats/statistics/sales_tax/reports/AS001/as001-2022-03-1824.xlsx
March 2022: early,https://www.tax.ny.gov/research/stats/statistics/sales_tax/reports/AS001/as001-2022-03-1823.xlsx
February 2022: final,https://www.tax.ny.gov/research/stats/statistics/sales_tax/reports/AS001/as001-2022-02-1822.xlsx
February 2022: early,https://www.tax.ny.gov/research/stats/statistics/sales_tax/reports/AS001/as001-2022-01-1821.xlsx
January 2022: final,https://www.tax.ny.gov/research/stats/statistics/sales_tax/reports/AS001/as001-2022-01-1820.xlsx
January 2022: early,https://www.tax.ny.gov/research/stats/statistics/sales_tax/reports/AS001/as001-2022-01-1819.xlsx
December 2021: final,https://www.tax.ny.gov/research/stats/statistics/sales_tax/reports/AS001/as001-2021-12-1818.xlsx
December 2021: second early,https://www.tax.ny.gov/research/stats/statistics/sales_tax/reports/AS001/as001-2021-12-1817.xlsx
December 2021: early,https://www.tax.ny.gov/research/stats/statistics/sales_tax/reports/AS001/as001-2021-12-1816.xlsx
November 2021: final,https://www.tax.ny.gov/research/stats/statistics/sales_tax/reports/AS001/as001-2021-11-1815.xlsx
November 2021: early,https://www.tax.ny.gov/research/stats/statistics/sales_tax/reports/AS001/as001-2021-11-1814.xlsx
October 2021: final,https://www.tax.ny.gov/research/stats/statistics/sales_tax/reports/AS001/as001-2021-10-1813.xlsx
October 2021: early,https://www.tax.ny.gov/research/stats/statistics/sales_tax/reports/AS001/as001-2021-10-1812.xlsx
September 2021: final,https://www.tax.ny.gov/research/stats/statistics/sales_tax/reports/AS001/as001-2021-09-1811.xlsx
September 2021: early,https://www.tax.ny.gov/research/stats/statistics/sales_tax/reports/AS001/as001-2021-09-1810.xlsx
August 2021: final,https://www.tax.ny.gov/research/stats/statistics/sales_tax/reports/AS001/as001-2021-08-1809.xlsx
August 2021: early,https://www.tax.ny.gov/research/stats/statistics/sales_tax/reports/AS001/as001-2021-08-1808.xlsx
July 2021: final,https://www.tax.ny.gov/research/stats/statistics/sales_tax/reports/AS001/as001-2021-07-1807.xlsx
July 2021: early,https://www.tax.ny.gov/research/stats/statistics/sales_tax/reports/AS001/as001-2021-07-1806.xlsx
June 2021: final,https://www.tax.ny.gov/research/stats/statistics/sales_tax/reports/AS001/as001-2021-06-1805.xlsx
June 2021: second early,https://www.tax.ny.gov/research/stats/statistics/sales_tax/reports/AS001/as001-2021-06-1804.xlsx
June 2021: first early,https://www.tax.ny.gov/research/stats/statistics/sales_tax/reports/AS001/as001-2021-06-1803.xlsx
May 2021: final,https://www.tax.ny.gov/research/stats/statistics/sales_tax/reports/AS001/as001-2021-05-1802.xlsx
May 2021: early,https://www.tax.ny.gov/research/stats/statistics/sales_tax/reports/AS001/as001-2021-05-1801.xlsx
April 2021: final,https://www.tax.ny.gov/research/stats/statistics/sales_tax/reports/AS001/as001-2021-04-1800.xlsx
April 2021: early,https://www.tax.ny.gov/research/stats/statistics/sales_tax/reports/AS001/as001-2021-04-1799.xlsx
March 2021: final,https://www.tax.ny.gov/research/stats/statistics/sales_tax/reports/AS001/as001-2021-03-1798.xlsx
March 2021: early,https://www.tax.ny.gov/research/stats/statistics/sales_tax/reports/AS001/as001-2021-03-1797.xlsx
February 2021: final,https://www.tax.ny.gov/research/stats/statistics/sales_tax/reports/AS001/as001-2021-02-1796.xlsx
February 2021: early,https://www.tax.ny.gov/research/stats/statistics/sales_tax/reports/AS001/as001-2021-02-1795.xlsx
January 2021: final,https://www.tax.ny.gov/research/stats/statistics/sales_tax/reports/AS001/as001-2021-01-1794.xlsx
January 2021: early,https://www.tax.ny.gov/research/stats/statistics/sales_tax/reports/AS001/as001-2021-01-1793.xlsx
December 2020: final,https://www.tax.ny.gov/research/stats/statistics/sales_tax/reports/AS001/as001-2020-12-1792.xlsx
December 2020: second early,https://www.tax.ny.gov/research/stats/statistics/sales_tax/reports/AS001/as001-2020-12-1791.xlsx
December 2020: first early,https://www.tax.ny.gov/research/stats/statistics/sales_tax/reports/AS001/as001-2020-12-1790.xlsx
November 2020: final,https://www.tax.ny.gov/research/stats/statistics/sales_tax/reports/AS001/as001-2020-11-1789.xlsx
November 2020: early,https://www.tax.ny.gov/research/stats/statistics/sales_tax/reports/AS001/as001-2020-11-1788.xlsx
October 2020: final,https://www.tax.ny.gov/research/stats/statistics/sales_tax/reports/AS001/as001-2020-10-1787.xlsx
October 2020: early,https://www.tax.ny.gov/research/stats/statistics/sales_tax/reports/AS001/as001-2020-10-1786.xlsx
September 2020: final,https://www.tax.ny.gov/research/stats/statistics/sales_tax/reports/AS001/as001-2020-09-1785.xlsx
September 2020: early,https://www.tax.ny.gov/research/stats/statistics/sales_tax/reports/AS001/as001-2020-09-1784.xlsx
August 2020: final,https://www.tax.ny.gov/research/stats/statistics/sales_tax/reports/AS001/as001-2020-08-1783.xlsx
August 2020: early,https://www.tax.ny.gov/research/stats/statistics/sales_tax/reports/AS001/as001-2020-08-1782.xlsx
July 2020: final,https://www.tax.ny.gov/research/stats/statistics/sales_tax/reports/AS001/as001-2020-07-1781.xlsx
July 2020: early,https://www.tax.ny.gov/research/stats/statistics/sales_tax/reports/AS001/as001-2020-07-1780.xlsx
June 2020: final,https://www.tax.ny.gov/research/stats/statistics/sales_tax/reports/AS001/as001-2020-06-1779.xlsx
June 2020: second early,https://www.tax.ny.gov/research/stats/statistics/sales_tax/reports/AS001/as001-2020-06-1778.xlsx
June 2020: first early,https://www.tax.ny.gov/research/stats/statistics/sales_tax/reports/AS001/as001-2020-06-1777.xlsx
May 2020: final,https://www.tax.ny.gov/research/stats/statistics/sales_tax/reports/AS001/as001-2020-05-1776.xlsx
May 2020: early,https://www.tax.ny.gov/research/stats/statistics/sales_tax/reports/AS001/as001-2020-05-1775.xlsx
April 2020: final,https://www.tax.ny.gov/research/stats/statistics/sales_tax/reports/AS001/as001-2020-04-1774.xlsx
April 2020: early,https://www.tax.ny.gov/research/stats/statistics/sales_tax/reports/AS001/as001-2020-04-1773.xlsx
March 2020: final,https://www.tax.ny.gov/research/stats/statistics/sales_tax/reports/AS001/as001-2020-03-1772.xlsx
March 2020: early,https://www.tax.ny.gov/research/stats/statistics/sales_tax/reports/AS001/as001-2020-03-1771.xlsx
February 2020: final,https://www.tax.ny.gov/research/stats/statistics/sales_tax/reports/AS001/as001-2020-02-1770.xlsx
February 2020: early,https://www.tax.ny.gov/research/stats/statistics/sales_tax/reports/AS001/as001-2020-02-1769.xlsx
January 2020: final,https://www.tax.ny.gov/research/stats/statistics/sales_tax/reports/AS001/as001-2020-01-1768.xlsx
January 2020: early,https://www.tax.ny.gov/research/stats/statistics/sales_tax/reports/AS001/as001-2020-01-1767.xlsx
December 2019: final,https://www.tax.ny.gov/research/stats/statistics/sales_tax/reports/AS001/as001-2019-12-1766.xlsx
December 2019: second early,https://www.tax.ny.gov/research/stats/statistics/sales_tax/reports/AS001/as001-2019-12-1765.xlsx
December 2019: first early,https://www.tax.ny.gov/research/stats/statistics/sales_tax/reports/AS001/as001-2019-12-1764.xls
November 2019: final,https://www.tax.ny.gov/research/stats/statistics/sales_tax/reports/AS001/as001-2019-11-1763.xlsx
November 2019: early,https://www.tax.ny.gov/research/stats/statistics/sales_tax/reports/AS001/as001-2019-11-1762.xlsx
October 2019: final,https://www.tax.ny.gov/research/stats/statistics/sales_tax/reports/AS001/as001-2019-10-1761.xlsx
October 2019: early,https://www.tax.ny.gov/research/stats/statistics/sales_tax/reports/AS001/as001-2019-10-1760.xlsx
September 2019: final,https://www.tax.ny.gov/research/stats/statistics/sales_tax/reports/AS001/as001-2019-09-1759.xlsx
September 2019: early,https://www.tax.ny.gov/research/stats/statistics/sales_tax/reports/AS001/as001-2019-09-1758.xlsx
August 2019: final,https://www.tax.ny.gov/research/stats/statistics/sales_tax/reports/AS001/as001-2019-08-1757.xlsx
August 2019: early,https://www.tax.ny.gov/research/stats/statistics/sales_tax/reports/AS001/as001-2019-08-1756.xlsx
July 2019: final,https://www.tax.ny.gov/research/stats/statistics/sales_tax/reports/AS001/as001-2019-07-1755.xlsx
July 2019: early,https://www.tax.ny.gov/research/stats/statistics/sales_tax/reports/AS001/as001-2019-07-1754.xls
June 2019: final,https://www.tax.ny.gov/research/stats/statistics/sales_tax/reports/AS001/as001-2019-06-1753.xls
June 2019: second early,https://www.tax.ny.gov/research/stats/statistics/sales_tax/reports/AS001/as001-2019-06-1752.xlsx
June 2019: first early,https://www.tax.ny.gov/research/stats/statistics/sales_tax/reports/AS001/as001-2019-06-1751.xlsx
May 2019: final,https://www.tax.ny.gov/research/stats/statistics/sales_tax/reports/AS001/as001-2019-05-1750.xlsx
May 2019: early,https://www.tax.ny.gov/research/stats/statistics/sales_tax/reports/AS001/as001-2019-05-1749.xlsx
April 2019: final,https://www.tax.ny.gov/research/stats/statistics/sales_tax/reports/AS001/as001-2019-04-1748.xlsx
April 2019: early,https://www.tax.ny.gov/research/stats/statistics/sales_tax/reports/AS001/as001-2019-04-1747.xlsx
